time_step,workpiece_id,step_idx,workcell_id,production_time,actual_quality,qc_wc_1_results,qc_wc_1_time,qc_wc_2_results,qc_wc_2_time,qc_wc_3_results,qc_wc_3_time,qc_wc_4_results,qc_wc_4_time,qc_wc_5_results,qc_wc_5_time,qc_wc_6_results,qc_wc_6_time,qc_wc_7_results,qc_wc_7_time,qc_wc_8_results,qc_wc_8_time,qc_wc_9_results,qc_wc_9_time,qc_wc_10_results,qc_wc_10_time,qc_wc_11_results,qc_wc_11_time,qc_wc_12_results,qc_wc_12_time,qc_wc_13_results,qc_wc_13_time,qc_wc_14_results,qc_wc_14_time,qc_wc_15_results,qc_wc_15_time,qc_wc_16_results,qc_wc_16_time,qc_wc_17_results,qc_wc_17_time
0.0,wp_1,1.0,wc_1,50.0,"{'Pass': 24, 'Fail': 76}",['Fail'],34.0,['Fail'],30.0,['Fail'],21.0,['Fail'],21.0,['Fail'],27.0,['Fail'],24.0,['Pass'],33.0,['Fail'],20.0,['Fail'],35.0,['Pass'],26.0,['Fail'],38.0,['Fail'],37.0,['Fail'],28.0,['Fail'],36.0,['Fail'],29.0,['Fail'],31.0,['Fail'],21.0
50.0,wp_2,1.0,wc_1,50.0,"{'Pass': 25, 'Fail': 75}",['Fail'],37.0,['Fail'],32.0,['Fail'],25.0,['Fail'],21.0,['Fail'],21.0,['Fail'],20.0,['Fail'],24.0,['Fail'],40.0,['Fail'],21.0,['Pass'],38.0,['Fail'],29.0,['Pass'],38.0,['Fail'],34.0,['Fail'],29.0,['Pass'],25.0,['Fail'],22.0,['Fail'],37.0
100.0,wp_3,1.0,wc_1,76.0,"{'Pass': 14, 'Fail': 86}",['Pass'],20.0,['Fail'],26.0,['Fail'],33.0,['Fail'],31.0,['Fail'],21.0,['Fail'],22.0,['Fail'],28.0,['Pass'],40.0,['Pass'],33.0,['Fail'],23.0,['Fail'],21.0,['Fail'],26.0,['Fail'],34.0,['Pass'],38.0,['Fail'],38.0,['Fail'],31.0,['Fail'],29.0
176.0,wp_4,1.0,wc_1,80.0,"{'Pass': 56, 'Fail': 44}",['Fail'],26.0,['Fail'],24.0,['Fail'],25.0,['Fail'],22.0,['Fail'],35.0,['Fail'],21.0,['Pass'],38.0,['Fail'],26.0,['Fail'],25.0,['Pass'],31.0,['Pass'],20.0,['Pass'],37.0,['Pass'],35.0,['Pass'],39.0,['Pass'],36.0,['Fail'],32.0,['Pass'],24.0
256.0,wp_5,1.0,wc_1,63.0,"{'Pass': 18, 'Fail': 82}",['Fail'],29.0,['Fail'],21.0,['Fail'],29.0,['Fail'],25.0,['Fail'],39.0,['Fail'],39.0,['Fail'],30.0,['Fail'],21.0,['Fail'],22.0,['Fail'],30.0,['Fail'],28.0,['Fail'],37.0,['Pass'],26.0,['Fail'],20.0,['Fail'],36.0,['Fail'],26.0,['Fail'],32.0
257.0,wp_4,4.0,wc_4,64.0,"{'Pass': 47, 'Fail': 53}",['Pass'],38.0,['Fail'],24.0,['Fail'],29.0,['Fail'],21.0,['Pass'],27.0,['Pass'],36.0,['Fail'],34.0,['Pass'],38.0,['Fail'],37.0,['Pass'],29.0,['Pass'],38.0,['Pass'],26.0,['Fail'],37.0,['Fail'],22.0,['Pass'],20.0,['Pass'],20.0,['Pass'],33.0
322.0,wp_4,3.0,wc_3,72.0,"{'Pass': 65, 'Fail': 35}",['Pass'],36.0,['Pass'],27.0,['Pass'],20.0,['Pass'],22.0,['Fail'],36.0,['Pass'],26.0,['Pass'],38.0,['Pass'],34.0,['Fail'],24.0,['Pass'],32.0,['Pass'],22.0,['Fail'],37.0,['Fail'],28.0,['Pass'],23.0,['Pass'],35.0,['Fail'],22.0,['Fail'],36.0
320.0,wp_1,1.0,wc_1,77.0,"{'Pass': 40, 'Fail': 60}",['Fail'],35.0,['Fail'],28.0,['Pass'],27.0,['Fail'],40.0,['Fail'],32.0,['Fail'],25.0,['Fail'],33.0,['Fail'],39.0,['Fail'],21.0,['Fail'],23.0,['Fail'],24.0,['Pass'],37.0,['Pass'],27.0,['Fail'],26.0,['Fail'],31.0,['Fail'],24.0,['Fail'],24.0
397.0,wp_2,1.0,wc_1,50.0,"{'Pass': 75, 'Fail': 25}",['Pass'],33.0,['Pass'],33.0,['Pass'],25.0,['Pass'],30.0,['Pass'],29.0,['Pass'],23.0,['Pass'],32.0,['Pass'],38.0,['Pass'],31.0,['Fail'],32.0,['Pass'],21.0,['Pass'],34.0,['Pass'],31.0,['Fail'],27.0,['Pass'],39.0,['Pass'],27.0,['Fail'],32.0
395.0,wp_4,2.0,wc_2,73.0,"{'Pass': 52, 'Fail': 48}",['Pass'],21.0,['Pass'],30.0,['Pass'],40.0,['Fail'],35.0,['Pass'],35.0,['Fail'],23.0,['Fail'],24.0,['Fail'],29.0,['Pass'],36.0,['Pass'],37.0,['Fail'],30.0,['Fail'],28.0,['Fail'],39.0,['Pass'],30.0,['Fail'],27.0,['Pass'],28.0,['Pass'],28.0
447.0,wp_3,1.0,wc_1,54.0,"{'Pass': 54, 'Fail': 46}",['Pass'],27.0,['Fail'],23.0,['Pass'],20.0,['Pass'],28.0,['Fail'],32.0,['Pass'],20.0,['Fail'],27.0,['Pass'],32.0,['Pass'],29.0,['Fail'],31.0,['Pass'],34.0,['Fail'],26.0,['Fail'],25.0,['Fail'],28.0,['Fail'],22.0,['Pass'],34.0,['Pass'],23.0
448.0,wp_2,4.0,wc_4,65.0,"{'Pass': 34, 'Fail': 66}",['Pass'],40.0,['Fail'],21.0,['Fail'],21.0,['Pass'],34.0,['Pass'],21.0,['Fail'],24.0,['Fail'],27.0,['Fail'],37.0,['Fail'],36.0,['Pass'],25.0,['Pass'],40.0,['Fail'],30.0,['Fail'],20.0,['Pass'],37.0,['Fail'],27.0,['Pass'],30.0,['Pass'],31.0
502.0,wp_3,2.0,wc_2,61.0,"{'Pass': 94, 'Fail': 6}",['Pass'],27.0,['Pass'],38.0,['Pass'],22.0,['Pass'],29.0,['Pass'],39.0,['Pass'],28.0,['Pass'],28.0,['Fail'],32.0,['Pass'],36.0,['Fail'],27.0,['Pass'],23.0,['Pass'],21.0,['Pass'],31.0,['Pass'],32.0,['Pass'],22.0,['Pass'],28.0,['Pass'],35.0
501.0,wp_5,1.0,wc_1,69.0,"{'Pass': 76, 'Fail': 24}",['Pass'],32.0,['Fail'],23.0,['Pass'],32.0,['Pass'],40.0,['Fail'],21.0,['Fail'],30.0,['Pass'],32.0,['Pass'],32.0,['Fail'],34.0,['Pass'],40.0,['Fail'],30.0,['Fail'],37.0,['Pass'],20.0,['Pass'],34.0,['Pass'],21.0,['Pass'],36.0,['Pass'],31.0
514.0,wp_2,3.0,wc_3,63.0,"{'Pass': 66, 'Fail': 34}",['Pass'],34.0,['Fail'],31.0,['Pass'],27.0,['Pass'],25.0,['Pass'],39.0,['Pass'],25.0,['Fail'],39.0,['Pass'],30.0,['Pass'],30.0,['Pass'],24.0,['Pass'],35.0,['Pass'],40.0,['Pass'],40.0,['Pass'],36.0,['Pass'],24.0,['Fail'],30.0,['Pass'],35.0
513.0,wp_4,4.0,wc_4,72.0,"{'Pass': 75, 'Fail': 25}",['Pass'],36.0,['Fail'],35.0,['Fail'],21.0,['Pass'],39.0,['Fail'],21.0,['Pass'],20.0,['Pass'],33.0,['Pass'],28.0,['Fail'],24.0,['Pass'],35.0,['Pass'],24.0,['Fail'],24.0,['Fail'],26.0,['Fail'],38.0,['Fail'],34.0,['Pass'],36.0,['Pass'],20.0
571.0,wp_5,2.0,wc_2,62.0,"{'Pass': 45, 'Fail': 55}",['Pass'],25.0,['Pass'],38.0,['Fail'],21.0,['Fail'],27.0,['Fail'],31.0,['Fail'],26.0,['Fail'],35.0,['Pass'],37.0,['Fail'],29.0,['Pass'],20.0,['Pass'],25.0,['Fail'],39.0,['Pass'],38.0,['Fail'],28.0,['Pass'],32.0,['Fail'],28.0,['Fail'],27.0
586.0,wp_2,4.0,wc_4,55.0,"{'Pass': 44, 'Fail': 56}",['Fail'],28.0,['Fail'],26.0,['Pass'],21.0,['Fail'],20.0,['Fail'],36.0,['Fail'],39.0,['Fail'],22.0,['Pass'],25.0,['Fail'],25.0,['Fail'],38.0,['Fail'],21.0,['Pass'],24.0,['Fail'],37.0,['Fail'],32.0,['Fail'],39.0,['Pass'],34.0,['Pass'],39.0
571.0,wp_1,1.0,wc_1,76.0,"{'Pass': 86, 'Fail': 14}",['Fail'],21.0,['Pass'],36.0,['Pass'],38.0,['Pass'],20.0,['Pass'],36.0,['Pass'],38.0,['Pass'],27.0,['Pass'],40.0,['Fail'],34.0,['Pass'],21.0,['Pass'],40.0,['Pass'],30.0,['Pass'],37.0,['Pass'],31.0,['Pass'],31.0,['Pass'],39.0,['Pass'],27.0
577.0,wp_3,3.0,wc_3,74.0,"{'Pass': 23, 'Fail': 77}",['Fail'],38.0,['Fail'],23.0,['Fail'],20.0,['Fail'],27.0,['Pass'],21.0,['Fail'],33.0,['Pass'],38.0,['Fail'],26.0,['Fail'],30.0,['Fail'],32.0,['Fail'],38.0,['Fail'],29.0,['Pass'],31.0,['Fail'],33.0,['Fail'],36.0,['Fail'],26.0,['Fail'],20.0
586.0,wp_4,5.0,wc_5,69.0,"{'Pass': 100, 'Fail': 0}",['Pass'],37.0,['Pass'],26.0,['Pass'],21.0,['Pass'],28.0,['Pass'],38.0,['Pass'],38.0,['Pass'],32.0,['Pass'],27.0,['Pass'],25.0,['Pass'],34.0,['Pass'],38.0,['Pass'],28.0,['Pass'],32.0,['Pass'],32.0,['Pass'],28.0,['Pass'],39.0,['Pass'],28.0
634.0,wp_5,2.0,wc_2,65.0,"{'Pass': 5, 'Fail': 95}",['Fail'],33.0,['Fail'],26.0,['Fail'],25.0,['Fail'],22.0,['Fail'],25.0,['Fail'],37.0,['Fail'],24.0,['Fail'],32.0,['Pass'],30.0,['Fail'],28.0,['Fail'],33.0,['Fail'],36.0,['Fail'],21.0,['Pass'],30.0,['Fail'],24.0,['Pass'],21.0,['Fail'],23.0
642.0,wp_2,4.0,wc_4,62.0,"{'Pass': 14, 'Fail': 86}",['Fail'],32.0,['Fail'],33.0,['Fail'],39.0,['Fail'],26.0,['Pass'],40.0,['Pass'],30.0,['Fail'],32.0,['Fail'],24.0,['Fail'],25.0,['Fail'],35.0,['Fail'],32.0,['Fail'],37.0,['Fail'],28.0,['Fail'],22.0,['Fail'],29.0,['Fail'],39.0,['Fail'],28.0
652.0,wp_1,3.0,wc_3,55.0,"{'Pass': 60, 'Fail': 40}",['Pass'],24.0,['Pass'],39.0,['Pass'],36.0,['Pass'],20.0,['Pass'],30.0,['Pass'],27.0,['Pass'],33.0,['Pass'],31.0,['Fail'],30.0,['Pass'],33.0,['Fail'],40.0,['Pass'],35.0,['Fail'],31.0,['Fail'],26.0,['Fail'],23.0,['Fail'],26.0,['Fail'],36.0
656.0,wp_4,6.0,wc_6,53.0,"{'Pass': 34, 'Fail': 66}",['Fail'],39.0,['Fail'],39.0,['Pass'],35.0,['Fail'],20.0,['Fail'],34.0,['Fail'],29.0,['Pass'],23.0,['Fail'],31.0,['Fail'],33.0,['Fail'],38.0,['Pass'],39.0,['Fail'],39.0,['Fail'],33.0,['Fail'],34.0,['Fail'],34.0,['Fail'],38.0,['Fail'],29.0
704.0,wp_3,4.0,wc_4,54.0,"{'Pass': 80, 'Fail': 20}",['Fail'],23.0,['Pass'],22.0,['Fail'],32.0,['Fail'],28.0,['Pass'],39.0,['Pass'],20.0,['Pass'],37.0,['Fail'],28.0,['Pass'],20.0,['Pass'],35.0,['Pass'],31.0,['Pass'],24.0,['Pass'],37.0,['Pass'],29.0,['Fail'],37.0,['Fail'],30.0,['Pass'],24.0
710.0,wp_4,6.0,wc_6,57.0,"{'Pass': 20, 'Fail': 80}",['Fail'],40.0,['Fail'],31.0,['Fail'],34.0,['Fail'],21.0,['Fail'],34.0,['Fail'],36.0,['Fail'],35.0,['Fail'],30.0,['Pass'],37.0,['Fail'],25.0,['Fail'],33.0,['Fail'],37.0,['Fail'],37.0,['Fail'],22.0,['Fail'],26.0,['Fail'],34.0,['Fail'],27.0
700.0,wp_5,2.0,wc_2,78.0,"{'Pass': 55, 'Fail': 45}",['Fail'],28.0,['Pass'],39.0,['Pass'],33.0,['Pass'],30.0,['Pass'],29.0,['Fail'],36.0,['Fail'],35.0,['Pass'],25.0,['Fail'],30.0,['Pass'],38.0,['Pass'],25.0,['Pass'],39.0,['Pass'],37.0,['Pass'],23.0,['Pass'],28.0,['Fail'],31.0,['Fail'],33.0
768.0,wp_4,6.0,wc_6,59.0,"{'Pass': 43, 'Fail': 57}",['Fail'],32.0,['Pass'],30.0,['Fail'],27.0,['Pass'],36.0,['Pass'],28.0,['Pass'],30.0,['Fail'],29.0,['Pass'],24.0,['Fail'],31.0,['Pass'],37.0,['Fail'],36.0,['Pass'],24.0,['Fail'],33.0,['Fail'],29.0,['Fail'],34.0,['Pass'],40.0,['Fail'],27.0
759.0,wp_1,4.0,wc_4,70.0,"{'Pass': 75, 'Fail': 25}",['Pass'],37.0,['Pass'],30.0,['Pass'],31.0,['Fail'],29.0,['Fail'],32.0,['Pass'],30.0,['Pass'],26.0,['Pass'],29.0,['Fail'],21.0,['Pass'],34.0,['Pass'],25.0,['Fail'],34.0,['Pass'],22.0,['Pass'],39.0,['Pass'],33.0,['Pass'],30.0,['Pass'],36.0
779.0,wp_2,2.0,wc_2,51.0,"{'Pass': 67, 'Fail': 33}",['Pass'],20.0,['Pass'],26.0,['Pass'],26.0,['Pass'],33.0,['Pass'],39.0,['Fail'],34.0,['Pass'],33.0,['Pass'],36.0,['Pass'],20.0,['Pass'],39.0,['Pass'],38.0,['Pass'],23.0,['Fail'],26.0,['Fail'],32.0,['Pass'],37.0,['Pass'],31.0,['Fail'],40.0
759.0,wp_3,3.0,wc_3,76.0,"{'Pass': 15, 'Fail': 85}",['Fail'],39.0,['Pass'],29.0,['Fail'],35.0,['Pass'],36.0,['Fail'],22.0,['Fail'],23.0,['Fail'],30.0,['Fail'],28.0,['Fail'],38.0,['Fail'],22.0,['Fail'],30.0,['Fail'],30.0,['Fail'],31.0,['Fail'],28.0,['Fail'],26.0,['Fail'],35.0,['Pass'],30.0
828.0,wp_4,6.0,wc_6,57.0,"{'Pass': 36, 'Fail': 64}",['Pass'],25.0,['Fail'],28.0,['Fail'],27.0,['Fail'],25.0,['Fail'],25.0,['Fail'],23.0,['Pass'],24.0,['Fail'],38.0,['Pass'],20.0,['Fail'],25.0,['Fail'],28.0,['Fail'],34.0,['Pass'],23.0,['Fail'],23.0,['Fail'],39.0,['Pass'],24.0,['Fail'],21.0
836.0,wp_3,3.0,wc_3,57.0,"{'Pass': 7, 'Fail': 93}",['Fail'],20.0,['Fail'],36.0,['Fail'],25.0,['Fail'],36.0,['Fail'],25.0,['Fail'],34.0,['Fail'],34.0,['Fail'],28.0,['Fail'],30.0,['Fail'],36.0,['Fail'],33.0,['Fail'],34.0,['Fail'],22.0,['Fail'],24.0,['Fail'],24.0,['Fail'],32.0,['Fail'],40.0
829.0,wp_5,4.0,wc_4,72.0,"{'Pass': 50, 'Fail': 50}",['Pass'],29.0,['Fail'],27.0,['Pass'],38.0,['Pass'],21.0,['Pass'],23.0,['Fail'],26.0,['Pass'],35.0,['Pass'],34.0,['Fail'],20.0,['Pass'],36.0,['Fail'],33.0,['Fail'],24.0,['Pass'],26.0,['Fail'],21.0,['Pass'],24.0,['Fail'],37.0,['Pass'],26.0
831.0,wp_1,2.0,wc_2,75.0,"{'Pass': 94, 'Fail': 6}",['Pass'],33.0,['Pass'],21.0,['Pass'],23.0,['Fail'],24.0,['Pass'],25.0,['Pass'],38.0,['Pass'],33.0,['Pass'],20.0,['Pass'],24.0,['Pass'],36.0,['Pass'],29.0,['Pass'],33.0,['Pass'],30.0,['Pass'],37.0,['Pass'],23.0,['Pass'],23.0,['Pass'],24.0
886.0,wp_4,6.0,wc_6,52.0,"{'Pass': 20, 'Fail': 80}",['Fail'],39.0,['Fail'],32.0,['Fail'],27.0,['Fail'],25.0,['Fail'],31.0,['Fail'],33.0,['Fail'],36.0,['Fail'],21.0,['Fail'],23.0,['Fail'],35.0,['Fail'],22.0,['Fail'],39.0,['Fail'],21.0,['Fail'],33.0,['Fail'],21.0,['Fail'],27.0,['Fail'],22.0
894.0,wp_3,3.0,wc_3,60.0,"{'Pass': 1, 'Fail': 99}",['Fail'],20.0,['Fail'],29.0,['Fail'],24.0,['Fail'],24.0,['Fail'],37.0,['Fail'],37.0,['Fail'],23.0,['Fail'],24.0,['Fail'],25.0,['Fail'],35.0,['Fail'],32.0,['Fail'],24.0,['Fail'],24.0,['Fail'],25.0,['Fail'],36.0,['Fail'],34.0,['Fail'],36.0
902.0,wp_2,4.0,wc_4,68.0,"{'Pass': 24, 'Fail': 76}",['Fail'],22.0,['Fail'],32.0,['Fail'],40.0,['Fail'],24.0,['Fail'],38.0,['Fail'],25.0,['Fail'],36.0,['Fail'],33.0,['Fail'],34.0,['Fail'],24.0,['Pass'],39.0,['Pass'],30.0,['Fail'],35.0,['Fail'],27.0,['Pass'],37.0,['Pass'],27.0,['Fail'],23.0
907.0,wp_1,5.0,wc_5,69.0,"{'Pass': 10, 'Fail': 90}",['Pass'],29.0,['Fail'],40.0,['Fail'],33.0,['Fail'],21.0,['Fail'],36.0,['Fail'],33.0,['Fail'],35.0,['Fail'],27.0,['Fail'],36.0,['Fail'],36.0,['Fail'],21.0,['Fail'],33.0,['Fail'],24.0,['Fail'],26.0,['Fail'],27.0,['Fail'],29.0,['Fail'],32.0
939.0,wp_4,6.0,wc_6,62.0,"{'Pass': 27, 'Fail': 73}",['Pass'],37.0,['Pass'],38.0,['Fail'],20.0,['Pass'],22.0,['Fail'],38.0,['Fail'],32.0,['Fail'],34.0,['Fail'],38.0,['Pass'],29.0,['Fail'],36.0,['Pass'],26.0,['Fail'],25.0,['Fail'],31.0,['Fail'],21.0,['Pass'],35.0,['Fail'],40.0,['Pass'],26.0
954.0,wp_5,3.0,wc_3,73.0,"{'Pass': 79, 'Fail': 21}",['Pass'],38.0,['Pass'],29.0,['Pass'],20.0,['Pass'],26.0,['Pass'],24.0,['Fail'],24.0,['Fail'],23.0,['Pass'],36.0,['Pass'],35.0,['Pass'],23.0,['Pass'],35.0,['Pass'],32.0,['Pass'],27.0,['Pass'],28.0,['Pass'],26.0,['Pass'],35.0,['Pass'],36.0
971.0,wp_2,4.0,wc_4,70.0,"{'Pass': 46, 'Fail': 54}",['Pass'],24.0,['Fail'],23.0,['Pass'],31.0,['Pass'],32.0,['Fail'],25.0,['Pass'],35.0,['Pass'],35.0,['Pass'],20.0,['Pass'],23.0,['Fail'],39.0,['Fail'],24.0,['Fail'],40.0,['Fail'],36.0,['Fail'],32.0,['Fail'],24.0,['Pass'],35.0,['Pass'],23.0
977.0,wp_1,5.0,wc_5,68.0,"{'Pass': 27, 'Fail': 73}",['Fail'],22.0,['Fail'],35.0,['Fail'],27.0,['Fail'],38.0,['Fail'],40.0,['Fail'],29.0,['Fail'],31.0,['Pass'],36.0,['Pass'],29.0,['Fail'],32.0,['Pass'],29.0,['Fail'],27.0,['Pass'],32.0,['Fail'],34.0,['Pass'],30.0,['Fail'],36.0,['Pass'],20.0
1002.0,wp_4,6.0,wc_6,52.0,"{'Pass': 72, 'Fail': 28}",['Pass'],37.0,['Pass'],25.0,['Pass'],38.0,['Pass'],27.0,['Fail'],34.0,['Fail'],23.0,['Fail'],20.0,['Pass'],39.0,['Pass'],31.0,['Pass'],26.0,['Fail'],26.0,['Fail'],34.0,['Pass'],39.0,['Pass'],34.0,['Fail'],25.0,['Fail'],36.0,['Fail'],23.0
1028.0,wp_3,3.0,wc_3,55.0,"{'Pass': 37, 'Fail': 63}",['Fail'],22.0,['Pass'],34.0,['Fail'],36.0,['Fail'],39.0,['Pass'],26.0,['Fail'],29.0,['Pass'],40.0,['Fail'],32.0,['Fail'],39.0,['Fail'],31.0,['Pass'],40.0,['Pass'],36.0,['Pass'],39.0,['Pass'],37.0,['Fail'],38.0,['Pass'],34.0,['Pass'],33.0
1041.0,wp_5,4.0,wc_4,61.0,"{'Pass': 74, 'Fail': 26}",['Pass'],29.0,['Fail'],34.0,['Pass'],25.0,['Pass'],33.0,['Fail'],30.0,['Pass'],28.0,['Pass'],35.0,['Fail'],22.0,['Pass'],40.0,['Pass'],36.0,['Fail'],27.0,['Pass'],33.0,['Pass'],24.0,['Fail'],23.0,['Pass'],35.0,['Pass'],39.0,['Fail'],22.0
1046.0,wp_1,5.0,wc_5,77.0,"{'Pass': 2, 'Fail': 98}",['Fail'],20.0,['Fail'],21.0,['Fail'],39.0,['Fail'],30.0,['Fail'],35.0,['Fail'],34.0,['Fail'],28.0,['Fail'],32.0,['Fail'],30.0,['Fail'],34.0,['Fail'],22.0,['Fail'],26.0,['Fail'],36.0,['Fail'],26.0,['Fail'],24.0,['Fail'],36.0,['Fail'],27.0
1055.0,wp_4,10.0,wc_10,73.0,"{'Pass': 27, 'Fail': 73}",['Fail'],22.0,['Fail'],37.0,['Pass'],35.0,['Pass'],33.0,['Fail'],34.0,['Fail'],22.0,['Pass'],33.0,['Fail'],22.0,['Pass'],31.0,['Fail'],27.0,['Fail'],37.0,['Fail'],38.0,['Fail'],39.0,['Pass'],30.0,['Pass'],30.0,['Fail'],27.0,['Pass'],24.0
1084.0,wp_3,3.0,wc_3,77.0,"{'Pass': 82, 'Fail': 18}",['Pass'],25.0,['Pass'],32.0,['Pass'],31.0,['Pass'],30.0,['Pass'],22.0,['Pass'],30.0,['Pass'],22.0,['Pass'],40.0,['Pass'],20.0,['Pass'],30.0,['Pass'],26.0,['Pass'],27.0,['Pass'],25.0,['Pass'],33.0,['Pass'],23.0,['Pass'],23.0,['Pass'],20.0
1103.0,wp_2,4.0,wc_4,65.0,"{'Pass': 81, 'Fail': 19}",['Fail'],20.0,['Fail'],33.0,['Pass'],28.0,['Pass'],32.0,['Pass'],33.0,['Pass'],37.0,['Pass'],22.0,['Fail'],34.0,['Fail'],39.0,['Pass'],37.0,['Pass'],29.0,['Fail'],22.0,['Fail'],20.0,['Pass'],32.0,['Pass'],40.0,['Pass'],24.0,['Pass'],26.0
1123.0,wp_5,5.0,wc_5,57.0,"{'Pass': 9, 'Fail': 91}",['Fail'],30.0,['Fail'],25.0,['Fail'],32.0,['Fail'],27.0,['Fail'],40.0,['Fail'],30.0,['Fail'],34.0,['Fail'],24.0,['Fail'],33.0,['Fail'],33.0,['Fail'],35.0,['Fail'],34.0,['Fail'],28.0,['Fail'],31.0,['Fail'],20.0,['Fail'],36.0,['Fail'],33.0
1129.0,wp_4,7.0,wc_7,67.0,"{'Pass': 62, 'Fail': 38}",['Pass'],27.0,['Fail'],22.0,['Pass'],35.0,['Pass'],23.0,['Pass'],30.0,['Pass'],27.0,['Pass'],20.0,['Pass'],32.0,['Pass'],29.0,['Fail'],29.0,['Fail'],24.0,['Fail'],32.0,['Fail'],21.0,['Pass'],32.0,['Fail'],31.0,['Pass'],38.0,['Fail'],39.0
1181.0,wp_1,5.0,wc_5,64.0,"{'Pass': 31, 'Fail': 69}",['Fail'],35.0,['Fail'],28.0,['Fail'],36.0,['Fail'],37.0,['Pass'],22.0,['Pass'],25.0,['Fail'],25.0,['Pass'],27.0,['Fail'],38.0,['Pass'],28.0,['Pass'],37.0,['Pass'],28.0,['Fail'],28.0,['Fail'],31.0,['Pass'],32.0,['Fail'],23.0,['Fail'],27.0
1197.0,wp_4,10.0,wc_10,71.0,"{'Pass': 98, 'Fail': 2}",['Pass'],28.0,['Pass'],40.0,['Pass'],31.0,['Pass'],23.0,['Pass'],28.0,['Pass'],29.0,['Pass'],39.0,['Pass'],36.0,['Pass'],25.0,['Pass'],27.0,['Pass'],35.0,['Pass'],40.0,['Pass'],29.0,['Pass'],39.0,['Pass'],36.0,['Pass'],26.0,['Pass'],32.0
1245.0,wp_2,5.0,wc_5,75.0,"{'Pass': 12, 'Fail': 88}",['Fail'],36.0,['Pass'],40.0,['Fail'],25.0,['Fail'],24.0,['Fail'],39.0,['Fail'],20.0,['Fail'],27.0,['Fail'],35.0,['Fail'],34.0,['Pass'],38.0,['Fail'],34.0,['Pass'],37.0,['Fail'],38.0,['Fail'],27.0,['Fail'],30.0,['Fail'],40.0,['Fail'],20.0
1269.0,wp_4,9.0,wc_9,52.0,"{'Pass': 22, 'Fail': 78}",['Fail'],22.0,['Fail'],31.0,['Pass'],34.0,['Fail'],24.0,['Fail'],34.0,['Fail'],30.0,['Fail'],23.0,['Pass'],31.0,['Fail'],20.0,['Fail'],29.0,['Fail'],34.0,['Fail'],34.0,['Fail'],38.0,['Fail'],25.0,['Pass'],29.0,['Fail'],36.0,['Fail'],31.0
1320.0,wp_3,5.0,wc_5,52.0,"{'Pass': 86, 'Fail': 14}",['Pass'],26.0,['Pass'],27.0,['Fail'],20.0,['Pass'],21.0,['Pass'],39.0,['Fail'],29.0,['Fail'],40.0,['Pass'],36.0,['Pass'],24.0,['Pass'],21.0,['Fail'],34.0,['Pass'],22.0,['Pass'],20.0,['Pass'],38.0,['Pass'],35.0,['Pass'],24.0,['Pass'],38.0
1322.0,wp_4,8.0,wc_8,53.0,"{'Pass': 95, 'Fail': 5}",['Pass'],33.0,['Fail'],25.0,['Pass'],34.0,['Fail'],24.0,['Pass'],24.0,['Pass'],35.0,['Pass'],26.0,['Pass'],28.0,['Pass'],21.0,['Pass'],33.0,['Fail'],27.0,['Pass'],24.0,['Pass'],32.0,['Pass'],30.0,['Pass'],34.0,['Pass'],20.0,['Pass'],32.0
1372.0,wp_5,5.0,wc_5,54.0,"{'Pass': 67, 'Fail': 33}",['Fail'],25.0,['Pass'],22.0,['Pass'],23.0,['Fail'],35.0,['Fail'],25.0,['Pass'],35.0,['Fail'],23.0,['Fail'],21.0,['Pass'],31.0,['Fail'],39.0,['Pass'],40.0,['Pass'],36.0,['Pass'],22.0,['Pass'],22.0,['Pass'],29.0,['Fail'],34.0,['Pass'],27.0
1376.0,wp_4,11.0,wc_11,58.0,"{'Pass': 100, 'Fail': 0}",['Pass'],33.0,['Pass'],28.0,['Pass'],23.0,['Pass'],22.0,['Pass'],20.0,['Pass'],27.0,['Pass'],35.0,['Pass'],36.0,['Pass'],27.0,['Pass'],28.0,['Pass'],24.0,['Pass'],26.0,['Pass'],27.0,['Pass'],25.0,['Pass'],28.0,['Pass'],21.0,['Pass'],32.0
1373.0,wp_3,6.0,wc_6,78.0,"{'Pass': 60, 'Fail': 40}",['Pass'],22.0,['Pass'],36.0,['Fail'],36.0,['Pass'],21.0,['Pass'],34.0,['Fail'],31.0,['Pass'],25.0,['Pass'],29.0,['Pass'],22.0,['Fail'],20.0,['Fail'],34.0,['Pass'],32.0,['Pass'],38.0,['Fail'],27.0,['Pass'],33.0,['Pass'],28.0,['Fail'],24.0
1427.0,wp_1,5.0,wc_5,63.0,"{'Pass': 85, 'Fail': 15}",['Pass'],24.0,['Pass'],36.0,['Pass'],26.0,['Pass'],28.0,['Pass'],32.0,['Pass'],28.0,['Pass'],28.0,['Pass'],35.0,['Pass'],22.0,['Pass'],29.0,['Pass'],20.0,['Pass'],35.0,['Pass'],40.0,['Pass'],38.0,['Pass'],34.0,['Pass'],31.0,['Pass'],32.0
1435.0,wp_4,9.0,wc_9,76.0,"{'Pass': 28, 'Fail': 72}",['Fail'],22.0,['Fail'],23.0,['Fail'],37.0,['Pass'],38.0,['Pass'],23.0,['Fail'],27.0,['Fail'],29.0,['Fail'],21.0,['Fail'],30.0,['Fail'],30.0,['Fail'],27.0,['Pass'],26.0,['Fail'],31.0,['Fail'],23.0,['Fail'],21.0,['Pass'],29.0,['Fail'],29.0
1452.0,wp_3,8.0,wc_8,62.0,"{'Pass': 12, 'Fail': 88}",['Fail'],33.0,['Fail'],40.0,['Fail'],32.0,['Fail'],20.0,['Fail'],21.0,['Fail'],20.0,['Fail'],29.0,['Fail'],25.0,['Fail'],27.0,['Fail'],25.0,['Fail'],35.0,['Fail'],37.0,['Fail'],21.0,['Fail'],35.0,['Fail'],38.0,['Fail'],28.0,['Fail'],20.0
1451.0,wp_5,6.0,wc_6,75.0,"{'Pass': 99, 'Fail': 1}",['Pass'],25.0,['Pass'],34.0,['Pass'],29.0,['Pass'],32.0,['Pass'],20.0,['Pass'],37.0,['Pass'],40.0,['Pass'],30.0,['Pass'],27.0,['Pass'],31.0,['Pass'],25.0,['Pass'],21.0,['Pass'],26.0,['Pass'],24.0,['Pass'],29.0,['Pass'],30.0,['Pass'],33.0
1490.0,wp_2,5.0,wc_5,54.0,"{'Pass': 78, 'Fail': 22}",['Pass'],40.0,['Pass'],30.0,['Fail'],35.0,['Fail'],39.0,['Pass'],20.0,['Pass'],34.0,['Pass'],28.0,['Pass'],33.0,['Fail'],35.0,['Pass'],22.0,['Fail'],34.0,['Pass'],40.0,['Fail'],33.0,['Pass'],21.0,['Pass'],30.0,['Pass'],24.0,['Pass'],28.0
1512.0,wp_4,9.0,wc_9,66.0,"{'Pass': 51, 'Fail': 49}",['Pass'],32.0,['Fail'],30.0,['Fail'],33.0,['Fail'],38.0,['Fail'],37.0,['Fail'],40.0,['Fail'],36.0,['Fail'],31.0,['Fail'],30.0,['Pass'],26.0,['Pass'],29.0,['Fail'],26.0,['Fail'],33.0,['Pass'],30.0,['Pass'],26.0,['Fail'],20.0,['Pass'],35.0
1527.0,wp_5,11.0,wc_11,52.0,"{'Pass': 62, 'Fail': 38}",['Fail'],30.0,['Pass'],39.0,['Pass'],40.0,['Pass'],24.0,['Pass'],38.0,['Pass'],26.0,['Pass'],27.0,['Fail'],31.0,['Pass'],25.0,['Pass'],32.0,['Pass'],35.0,['Fail'],23.0,['Fail'],36.0,['Fail'],29.0,['Pass'],32.0,['Pass'],40.0,['Fail'],31.0
1515.0,wp_3,8.0,wc_8,76.0,"{'Pass': 31, 'Fail': 69}",['Pass'],29.0,['Fail'],29.0,['Fail'],36.0,['Fail'],33.0,['Fail'],28.0,['Pass'],20.0,['Fail'],28.0,['Pass'],36.0,['Fail'],25.0,['Pass'],27.0,['Fail'],24.0,['Fail'],27.0,['Pass'],37.0,['Pass'],39.0,['Fail'],33.0,['Fail'],39.0,['Fail'],27.0
1527.0,wp_1,6.0,wc_6,65.0,"{'Pass': 33, 'Fail': 67}",['Pass'],29.0,['Fail'],35.0,['Pass'],29.0,['Fail'],32.0,['Fail'],38.0,['Pass'],35.0,['Fail'],28.0,['Fail'],20.0,['Fail'],25.0,['Pass'],22.0,['Fail'],29.0,['Fail'],40.0,['Pass'],40.0,['Fail'],38.0,['Fail'],25.0,['Fail'],25.0,['Pass'],21.0
1579.0,wp_4,12.0,wc_12,61.0,"{'Pass': 32, 'Fail': 68}",['Pass'],40.0,['Pass'],22.0,['Fail'],40.0,['Pass'],39.0,['Fail'],40.0,['Pass'],22.0,['Fail'],28.0,['Fail'],32.0,['Fail'],32.0,['Pass'],38.0,['Fail'],37.0,['Fail'],31.0,['Pass'],33.0,['Fail'],23.0,['Fail'],33.0,['Pass'],20.0,['Fail'],33.0
1580.0,wp_5,7.0,wc_7,78.0,"{'Pass': 44, 'Fail': 56}",['Pass'],38.0,['Fail'],39.0,['Fail'],24.0,['Fail'],21.0,['Pass'],38.0,['Pass'],29.0,['Fail'],35.0,['Fail'],26.0,['Pass'],40.0,['Pass'],22.0,['Pass'],37.0,['Pass'],32.0,['Fail'],38.0,['Fail'],37.0,['Pass'],24.0,['Fail'],29.0,['Fail'],39.0
1592.0,wp_2,6.0,wc_6,76.0,"{'Pass': 88, 'Fail': 12}",['Pass'],37.0,['Pass'],38.0,['Pass'],33.0,['Fail'],39.0,['Pass'],34.0,['Pass'],25.0,['Pass'],39.0,['Pass'],38.0,['Pass'],39.0,['Pass'],28.0,['Fail'],24.0,['Pass'],25.0,['Pass'],27.0,['Pass'],34.0,['Pass'],21.0,['Pass'],22.0,['Pass'],29.0
1592.0,wp_3,9.0,wc_9,79.0,"{'Pass': 81, 'Fail': 19}",['Pass'],35.0,['Pass'],26.0,['Pass'],30.0,['Fail'],28.0,['Fail'],22.0,['Fail'],32.0,['Pass'],38.0,['Pass'],35.0,['Pass'],33.0,['Pass'],25.0,['Pass'],24.0,['Pass'],29.0,['Pass'],25.0,['Pass'],26.0,['Pass'],30.0,['Pass'],32.0,['Pass'],28.0
1641.0,wp_4,12.0,wc_12,62.0,"{'Pass': 31, 'Fail': 69}",['Fail'],38.0,['Pass'],26.0,['Fail'],23.0,['Pass'],31.0,['Pass'],30.0,['Fail'],40.0,['Fail'],22.0,['Pass'],20.0,['Fail'],23.0,['Pass'],23.0,['Fail'],40.0,['Pass'],34.0,['Fail'],34.0,['Pass'],36.0,['Pass'],24.0,['Fail'],20.0,['Pass'],36.0
1669.0,wp_2,11.0,wc_11,55.0,"{'Pass': 16, 'Fail': 84}",['Fail'],35.0,['Fail'],23.0,['Fail'],28.0,['Fail'],35.0,['Fail'],34.0,['Fail'],30.0,['Fail'],20.0,['Fail'],39.0,['Fail'],25.0,['Fail'],34.0,['Fail'],38.0,['Fail'],24.0,['Fail'],32.0,['Fail'],40.0,['Fail'],35.0,['Fail'],27.0,['Fail'],26.0
1669.0,wp_1,6.0,wc_6,59.0,"{'Pass': 68, 'Fail': 32}",['Pass'],32.0,['Pass'],22.0,['Pass'],25.0,['Pass'],28.0,['Fail'],23.0,['Pass'],39.0,['Fail'],39.0,['Pass'],34.0,['Fail'],21.0,['Pass'],20.0,['Fail'],40.0,['Pass'],30.0,['Pass'],37.0,['Pass'],35.0,['Pass'],37.0,['Fail'],24.0,['Pass'],36.0
1659.0,wp_5,10.0,wc_10,74.0,"{'Pass': 28, 'Fail': 72}",['Fail'],38.0,['Pass'],31.0,['Pass'],40.0,['Fail'],39.0,['Fail'],37.0,['Pass'],26.0,['Fail'],36.0,['Fail'],27.0,['Fail'],24.0,['Fail'],39.0,['Pass'],39.0,['Fail'],22.0,['Fail'],21.0,['Pass'],26.0,['Pass'],29.0,['Fail'],38.0,['Pass'],36.0
1672.0,wp_3,8.0,wc_8,71.0,"{'Pass': 67, 'Fail': 33}",['Fail'],24.0,['Pass'],20.0,['Pass'],31.0,['Fail'],34.0,['Pass'],35.0,['Fail'],36.0,['Fail'],23.0,['Pass'],39.0,['Pass'],20.0,['Fail'],35.0,['Fail'],38.0,['Fail'],32.0,['Fail'],29.0,['Pass'],29.0,['Pass'],40.0,['Pass'],25.0,['Pass'],27.0
1704.0,wp_4,12.0,wc_12,55.0,"{'Pass': 1, 'Fail': 99}",['Fail'],23.0,['Fail'],34.0,['Fail'],30.0,['Fail'],33.0,['Fail'],36.0,['Fail'],30.0,['Fail'],28.0,['Fail'],30.0,['Fail'],36.0,['Fail'],24.0,['Fail'],40.0,['Fail'],23.0,['Fail'],22.0,['Fail'],21.0,['Fail'],25.0,['Fail'],21.0,['Fail'],34.0
1725.0,wp_2,9.0,wc_9,54.0,"{'Pass': 80, 'Fail': 20}",['Fail'],22.0,['Pass'],27.0,['Pass'],20.0,['Pass'],28.0,['Pass'],31.0,['Fail'],40.0,['Pass'],31.0,['Pass'],26.0,['Pass'],36.0,['Pass'],28.0,['Fail'],35.0,['Pass'],33.0,['Pass'],37.0,['Pass'],34.0,['Pass'],32.0,['Pass'],37.0,['Pass'],27.0
1734.0,wp_5,10.0,wc_10,55.0,"{'Pass': 85, 'Fail': 15}",['Pass'],35.0,['Fail'],24.0,['Pass'],31.0,['Pass'],29.0,['Fail'],38.0,['Pass'],27.0,['Pass'],24.0,['Pass'],21.0,['Pass'],34.0,['Pass'],20.0,['Fail'],27.0,['Pass'],27.0,['Fail'],34.0,['Pass'],38.0,['Pass'],24.0,['Pass'],36.0,['Pass'],32.0
1744.0,wp_3,11.0,wc_11,56.0,"{'Pass': 19, 'Fail': 81}",['Fail'],29.0,['Pass'],22.0,['Fail'],27.0,['Fail'],29.0,['Fail'],27.0,['Fail'],34.0,['Fail'],38.0,['Fail'],29.0,['Fail'],30.0,['Fail'],23.0,['Fail'],40.0,['Fail'],31.0,['Fail'],38.0,['Fail'],37.0,['Fail'],33.0,['Fail'],40.0,['Fail'],24.0
1729.0,wp_1,7.0,wc_7,78.0,"{'Pass': 90, 'Fail': 10}",['Pass'],26.0,['Pass'],25.0,['Fail'],26.0,['Pass'],38.0,['Pass'],25.0,['Fail'],36.0,['Pass'],21.0,['Pass'],36.0,['Pass'],21.0,['Pass'],29.0,['Pass'],22.0,['Pass'],37.0,['Pass'],32.0,['Pass'],27.0,['Pass'],34.0,['Pass'],33.0,['Pass'],22.0
1760.0,wp_4,12.0,wc_12,50.0,"{'Pass': 65, 'Fail': 35}",['Pass'],37.0,['Pass'],33.0,['Fail'],24.0,['Pass'],23.0,['Fail'],39.0,['Pass'],36.0,['Fail'],31.0,['Pass'],23.0,['Pass'],28.0,['Fail'],20.0,['Pass'],22.0,['Pass'],37.0,['Fail'],22.0,['Pass'],26.0,['Pass'],37.0,['Pass'],33.0,['Pass'],33.0
1780.0,wp_2,8.0,wc_8,76.0,"{'Pass': 18, 'Fail': 82}",['Fail'],31.0,['Fail'],31.0,['Fail'],28.0,['Pass'],24.0,['Pass'],38.0,['Fail'],30.0,['Pass'],31.0,['Fail'],31.0,['Fail'],35.0,['Fail'],21.0,['Fail'],36.0,['Fail'],32.0,['Fail'],37.0,['Fail'],39.0,['Fail'],37.0,['Fail'],21.0,['Fail'],25.0
1811.0,wp_4,13.0,wc_13,54.0,"{'Pass': 93, 'Fail': 7}",['Pass'],29.0,['Pass'],36.0,['Pass'],22.0,['Pass'],39.0,['Pass'],39.0,['Pass'],33.0,['Fail'],38.0,['Pass'],40.0,['Pass'],22.0,['Pass'],26.0,['Fail'],33.0,['Pass'],39.0,['Pass'],36.0,['Pass'],29.0,['Pass'],23.0,['Pass'],38.0,['Pass'],28.0
1790.0,wp_5,9.0,wc_9,76.0,"{'Pass': 37, 'Fail': 63}",['Fail'],30.0,['Pass'],35.0,['Fail'],32.0,['Fail'],30.0,['Fail'],23.0,['Fail'],20.0,['Fail'],27.0,['Fail'],38.0,['Pass'],23.0,['Pass'],26.0,['Fail'],26.0,['Fail'],31.0,['Pass'],26.0,['Pass'],40.0,['Pass'],29.0,['Fail'],25.0,['Pass'],27.0
1801.0,wp_3,11.0,wc_11,66.0,"{'Pass': 97, 'Fail': 3}",['Pass'],25.0,['Pass'],40.0,['Pass'],36.0,['Pass'],40.0,['Pass'],39.0,['Pass'],30.0,['Pass'],26.0,['Pass'],37.0,['Pass'],35.0,['Pass'],28.0,['Pass'],31.0,['Pass'],39.0,['Pass'],30.0,['Pass'],25.0,['Pass'],21.0,['Pass'],25.0,['Pass'],26.0
1808.0,wp_1,10.0,wc_10,69.0,"{'Pass': 37, 'Fail': 63}",['Fail'],35.0,['Pass'],34.0,['Fail'],25.0,['Fail'],36.0,['Fail'],30.0,['Fail'],30.0,['Fail'],35.0,['Fail'],39.0,['Fail'],32.0,['Pass'],34.0,['Pass'],34.0,['Pass'],30.0,['Pass'],38.0,['Fail'],34.0,['Fail'],27.0,['Fail'],39.0,['Pass'],31.0
1857.0,wp_2,8.0,wc_8,56.0,"{'Pass': 28, 'Fail': 72}",['Fail'],26.0,['Fail'],23.0,['Pass'],38.0,['Fail'],27.0,['Fail'],29.0,['Pass'],39.0,['Fail'],37.0,['Fail'],24.0,['Pass'],28.0,['Fail'],32.0,['Fail'],26.0,['Fail'],26.0,['Pass'],38.0,['Fail'],32.0,['Pass'],37.0,['Fail'],26.0,['Pass'],33.0
1867.0,wp_5,9.0,wc_9,58.0,"{'Pass': 96, 'Fail': 4}",['Pass'],40.0,['Fail'],22.0,['Pass'],28.0,['Pass'],25.0,['Pass'],32.0,['Pass'],20.0,['Pass'],27.0,['Pass'],39.0,['Pass'],31.0,['Pass'],28.0,['Pass'],40.0,['Pass'],26.0,['Pass'],29.0,['Pass'],40.0,['Pass'],26.0,['Pass'],38.0,['Pass'],38.0
1868.0,wp_3,7.0,wc_7,67.0,"{'Pass': 46, 'Fail': 54}",['Fail'],33.0,['Fail'],39.0,['Pass'],40.0,['Pass'],26.0,['Pass'],21.0,['Pass'],29.0,['Fail'],33.0,['Pass'],30.0,['Fail'],29.0,['Pass'],31.0,['Fail'],27.0,['Pass'],40.0,['Pass'],20.0,['Fail'],26.0,['Pass'],21.0,['Pass'],36.0,['Pass'],27.0
1866.0,wp_4,14.0,wc_14,73.0,"{'Pass': 32, 'Fail': 68}",['Fail'],28.0,['Fail'],22.0,['Fail'],38.0,['Fail'],25.0,['Fail'],25.0,['Fail'],25.0,['Fail'],24.0,['Fail'],32.0,['Fail'],34.0,['Fail'],30.0,['Fail'],37.0,['Fail'],31.0,['Fail'],37.0,['Pass'],23.0,['Fail'],37.0,['Fail'],32.0,['Fail'],26.0
1878.0,wp_1,11.0,wc_11,75.0,"{'Pass': 87, 'Fail': 13}",['Pass'],26.0,['Pass'],23.0,['Pass'],31.0,['Pass'],31.0,['Fail'],28.0,['Pass'],34.0,['Pass'],38.0,['Pass'],39.0,['Pass'],30.0,['Pass'],22.0,['Pass'],21.0,['Pass'],24.0,['Fail'],35.0,['Pass'],26.0,['Pass'],31.0,['Fail'],30.0,['Pass'],37.0
1914.0,wp_2,10.0,wc_10,59.0,"{'Pass': 42, 'Fail': 58}",['Fail'],33.0,['Fail'],36.0,['Fail'],28.0,['Pass'],22.0,['Fail'],35.0,['Fail'],22.0,['Fail'],22.0,['Pass'],20.0,['Pass'],32.0,['Fail'],39.0,['Fail'],38.0,['Fail'],35.0,['Fail'],21.0,['Pass'],20.0,['Fail'],30.0,['Pass'],33.0,['Fail'],33.0
1926.0,wp_5,8.0,wc_8,65.0,"{'Pass': 1, 'Fail': 99}",['Fail'],30.0,['Fail'],39.0,['Fail'],30.0,['Fail'],26.0,['Fail'],25.0,['Fail'],40.0,['Fail'],27.0,['Fail'],23.0,['Fail'],31.0,['Fail'],40.0,['Fail'],32.0,['Fail'],34.0,['Fail'],39.0,['Fail'],38.0,['Fail'],32.0,['Fail'],37.0,['Fail'],23.0
1954.0,wp_1,9.0,wc_9,50.0,"{'Pass': 1, 'Fail': 99}",['Fail'],37.0,['Fail'],37.0,['Fail'],31.0,['Fail'],32.0,['Fail'],28.0,['Fail'],20.0,['Fail'],20.0,['Fail'],27.0,['Fail'],32.0,['Fail'],21.0,['Fail'],22.0,['Fail'],24.0,['Fail'],24.0,['Fail'],31.0,['Fail'],36.0,['Fail'],21.0,['Fail'],40.0
1940.0,wp_4,16.0,wc_16,66.0,"{'Pass': 56, 'Fail': 44}",['Pass'],32.0,['Pass'],29.0,['Fail'],28.0,['Pass'],38.0,['Pass'],37.0,['Pass'],30.0,['Pass'],24.0,['Pass'],35.0,['Fail'],33.0,['Pass'],33.0,['Fail'],40.0,['Fail'],21.0,['Pass'],20.0,['Fail'],40.0,['Fail'],39.0,['Pass'],20.0,['Pass'],37.0
1936.0,wp_3,7.0,wc_7,71.0,"{'Pass': 27, 'Fail': 73}",['Pass'],29.0,['Fail'],34.0,['Fail'],32.0,['Fail'],32.0,['Pass'],32.0,['Fail'],39.0,['Fail'],20.0,['Fail'],40.0,['Fail'],36.0,['Pass'],37.0,['Pass'],24.0,['Fail'],21.0,['Fail'],31.0,['Fail'],40.0,['Fail'],20.0,['Pass'],24.0,['Fail'],21.0
1974.0,wp_2,10.0,wc_10,60.0,"{'Pass': 34, 'Fail': 66}",['Fail'],25.0,['Pass'],35.0,['Fail'],33.0,['Fail'],27.0,['Pass'],20.0,['Fail'],21.0,['Pass'],37.0,['Fail'],36.0,['Pass'],27.0,['Pass'],39.0,['Fail'],29.0,['Fail'],23.0,['Pass'],34.0,['Fail'],29.0,['Fail'],21.0,['Fail'],39.0,['Pass'],21.0
1992.0,wp_5,8.0,wc_8,63.0,"{'Pass': 77, 'Fail': 23}",['Pass'],23.0,['Pass'],27.0,['Pass'],40.0,['Pass'],37.0,['Pass'],21.0,['Pass'],30.0,['Pass'],25.0,['Pass'],32.0,['Fail'],31.0,['Fail'],27.0,['Pass'],39.0,['Pass'],39.0,['Fail'],22.0,['Pass'],40.0,['Pass'],38.0,['Pass'],30.0,['Pass'],29.0
2005.0,wp_1,9.0,wc_9,56.0,"{'Pass': 66, 'Fail': 34}",['Pass'],25.0,['Pass'],30.0,['Pass'],26.0,['Pass'],29.0,['Fail'],31.0,['Pass'],33.0,['Fail'],28.0,['Pass'],33.0,['Fail'],38.0,['Pass'],26.0,['Pass'],30.0,['Fail'],36.0,['Pass'],28.0,['Pass'],29.0,['Pass'],31.0,['Pass'],35.0,['Pass'],38.0
2007.0,wp_4,15.0,wc_15,57.0,"{'Pass': 0, 'Fail': 100}",['Fail'],38.0,['Fail'],25.0,['Fail'],39.0,['Fail'],24.0,['Fail'],25.0,['Fail'],20.0,['Fail'],22.0,['Fail'],27.0,['Fail'],24.0,['Fail'],34.0,['Fail'],21.0,['Fail'],37.0,['Fail'],33.0,['Fail'],39.0,['Fail'],36.0,['Fail'],40.0,['Fail'],29.0
2008.0,wp_3,7.0,wc_7,68.0,"{'Pass': 88, 'Fail': 12}",['Pass'],23.0,['Pass'],36.0,['Pass'],35.0,['Pass'],39.0,['Pass'],29.0,['Pass'],30.0,['Pass'],21.0,['Pass'],38.0,['Pass'],21.0,['Pass'],33.0,['Pass'],25.0,['Pass'],27.0,['Pass'],24.0,['Pass'],25.0,['Pass'],22.0,['Fail'],32.0,['Pass'],22.0
2035.0,wp_2,10.0,wc_10,73.0,"{'Pass': 25, 'Fail': 75}",['Fail'],30.0,['Pass'],23.0,['Fail'],22.0,['Fail'],23.0,['Fail'],24.0,['Pass'],30.0,['Fail'],37.0,['Fail'],34.0,['Fail'],40.0,['Fail'],30.0,['Pass'],39.0,['Pass'],28.0,['Fail'],39.0,['Pass'],33.0,['Pass'],24.0,['Pass'],30.0,['Fail'],28.0
2062.0,wp_1,8.0,wc_8,50.0,"{'Pass': 1, 'Fail': 99}",['Fail'],38.0,['Fail'],22.0,['Fail'],25.0,['Fail'],28.0,['Fail'],20.0,['Fail'],33.0,['Fail'],34.0,['Fail'],33.0,['Fail'],22.0,['Fail'],36.0,['Fail'],21.0,['Fail'],22.0,['Fail'],23.0,['Fail'],21.0,['Fail'],29.0,['Fail'],28.0,['Fail'],33.0
2065.0,wp_4,15.0,wc_15,64.0,"{'Pass': 41, 'Fail': 59}",['Fail'],32.0,['Pass'],21.0,['Fail'],28.0,['Pass'],26.0,['Fail'],27.0,['Fail'],40.0,['Pass'],25.0,['Fail'],21.0,['Fail'],25.0,['Pass'],37.0,['Fail'],37.0,['Fail'],21.0,['Pass'],25.0,['Fail'],30.0,['Fail'],27.0,['Fail'],24.0,['Fail'],20.0
2076.0,wp_5,7.0,wc_7,54.0,"{'Pass': 19, 'Fail': 81}",['Pass'],34.0,['Pass'],32.0,['Fail'],32.0,['Fail'],22.0,['Pass'],35.0,['Fail'],35.0,['Fail'],30.0,['Fail'],22.0,['Fail'],26.0,['Fail'],34.0,['Fail'],24.0,['Pass'],34.0,['Pass'],31.0,['Fail'],39.0,['Fail'],20.0,['Fail'],33.0,['Fail'],22.0
2108.0,wp_3,10.0,wc_10,50.0,"{'Pass': 13, 'Fail': 87}",['Fail'],39.0,['Fail'],26.0,['Fail'],31.0,['Fail'],33.0,['Fail'],34.0,['Fail'],24.0,['Fail'],25.0,['Fail'],23.0,['Fail'],40.0,['Pass'],24.0,['Fail'],25.0,['Fail'],27.0,['Fail'],22.0,['Fail'],29.0,['Fail'],29.0,['Pass'],31.0,['Fail'],32.0
2109.0,wp_2,11.0,wc_11,74.0,"{'Pass': 42, 'Fail': 58}",['Pass'],23.0,['Pass'],36.0,['Fail'],27.0,['Fail'],20.0,['Fail'],30.0,['Fail'],39.0,['Fail'],23.0,['Pass'],39.0,['Fail'],40.0,['Pass'],37.0,['Fail'],26.0,['Pass'],37.0,['Pass'],23.0,['Fail'],29.0,['Pass'],37.0,['Fail'],20.0,['Pass'],29.0
2113.0,wp_1,8.0,wc_8,76.0,"{'Pass': 75, 'Fail': 25}",['Fail'],38.0,['Pass'],40.0,['Pass'],25.0,['Fail'],33.0,['Pass'],36.0,['Fail'],25.0,['Pass'],30.0,['Fail'],26.0,['Fail'],33.0,['Pass'],34.0,['Pass'],38.0,['Pass'],30.0,['Pass'],37.0,['Fail'],31.0,['Fail'],21.0,['Fail'],36.0,['Pass'],33.0
2130.0,wp_4,14.0,wc_14,69.0,"{'Pass': 85, 'Fail': 15}",['Pass'],40.0,['Pass'],33.0,['Fail'],22.0,['Pass'],29.0,['Pass'],38.0,['Pass'],35.0,['Pass'],39.0,['Pass'],27.0,['Fail'],39.0,['Pass'],30.0,['Pass'],40.0,['Pass'],27.0,['Pass'],27.0,['Pass'],33.0,['Pass'],24.0,['Pass'],33.0,['Pass'],36.0
2131.0,wp_5,7.0,wc_7,78.0,"{'Pass': 59, 'Fail': 41}",['Pass'],21.0,['Pass'],39.0,['Fail'],24.0,['Pass'],35.0,['Fail'],24.0,['Fail'],23.0,['Pass'],28.0,['Pass'],38.0,['Pass'],40.0,['Pass'],32.0,['Pass'],39.0,['Fail'],22.0,['Pass'],34.0,['Pass'],20.0,['Pass'],27.0,['Pass'],22.0,['Pass'],40.0
2159.0,wp_3,10.0,wc_10,65.0,"{'Pass': 86, 'Fail': 14}",['Pass'],39.0,['Pass'],28.0,['Fail'],40.0,['Fail'],27.0,['Pass'],35.0,['Pass'],35.0,['Pass'],39.0,['Pass'],37.0,['Pass'],25.0,['Pass'],32.0,['Pass'],40.0,['Pass'],24.0,['Pass'],23.0,['Fail'],20.0,['Pass'],21.0,['Pass'],23.0,['Fail'],35.0
2184.0,wp_2,11.0,wc_11,71.0,"{'Pass': 73, 'Fail': 27}",['Pass'],27.0,['Pass'],40.0,['Pass'],25.0,['Pass'],29.0,['Pass'],29.0,['Fail'],34.0,['Fail'],38.0,['Pass'],24.0,['Fail'],31.0,['Fail'],20.0,['Fail'],31.0,['Pass'],30.0,['Pass'],23.0,['Pass'],33.0,['Pass'],40.0,['Pass'],37.0,['Fail'],38.0
2210.0,wp_5,12.0,wc_12,53.0,"{'Pass': 86, 'Fail': 14}",['Pass'],31.0,['Pass'],20.0,['Pass'],23.0,['Pass'],23.0,['Pass'],40.0,['Pass'],30.0,['Fail'],32.0,['Pass'],20.0,['Pass'],24.0,['Pass'],28.0,['Fail'],28.0,['Pass'],30.0,['Pass'],31.0,['Pass'],40.0,['Pass'],35.0,['Pass'],34.0,['Pass'],20.0
2200.0,wp_4,15.0,wc_15,68.0,"{'Pass': 54, 'Fail': 46}",['Fail'],29.0,['Pass'],27.0,['Fail'],26.0,['Fail'],33.0,['Pass'],27.0,['Pass'],25.0,['Pass'],22.0,['Fail'],28.0,['Fail'],27.0,['Fail'],30.0,['Fail'],25.0,['Pass'],22.0,['Pass'],38.0,['Fail'],24.0,['Fail'],26.0,['Fail'],21.0,['Pass'],28.0
2225.0,wp_1,10.0,wc_10,53.0,"{'Pass': 50, 'Fail': 50}",['Pass'],22.0,['Fail'],28.0,['Pass'],23.0,['Fail'],32.0,['Pass'],22.0,['Fail'],25.0,['Fail'],40.0,['Fail'],31.0,['Fail'],35.0,['Pass'],29.0,['Pass'],26.0,['Pass'],20.0,['Fail'],32.0,['Fail'],37.0,['Pass'],30.0,['Fail'],40.0,['Pass'],25.0
2264.0,wp_3,12.0,wc_12,57.0,"{'Pass': 9, 'Fail': 91}",['Fail'],38.0,['Fail'],33.0,['Fail'],20.0,['Fail'],28.0,['Fail'],27.0,['Fail'],37.0,['Fail'],39.0,['Fail'],23.0,['Fail'],21.0,['Fail'],36.0,['Fail'],31.0,['Fail'],21.0,['Fail'],33.0,['Pass'],23.0,['Fail'],25.0,['Fail'],39.0,['Fail'],23.0
2256.0,wp_2,8.0,wc_8,71.0,"{'Pass': 71, 'Fail': 29}",['Pass'],21.0,['Pass'],24.0,['Pass'],20.0,['Pass'],30.0,['Fail'],39.0,['Pass'],22.0,['Fail'],35.0,['Pass'],32.0,['Pass'],39.0,['Fail'],20.0,['Fail'],23.0,['Fail'],37.0,['Fail'],30.0,['Fail'],28.0,['Fail'],39.0,['Fail'],31.0,['Fail'],25.0
2264.0,wp_5,13.0,wc_13,75.0,"{'Pass': 61, 'Fail': 39}",['Fail'],36.0,['Fail'],38.0,['Pass'],28.0,['Pass'],26.0,['Pass'],37.0,['Pass'],24.0,['Pass'],40.0,['Fail'],21.0,['Pass'],28.0,['Pass'],20.0,['Pass'],30.0,['Pass'],20.0,['Fail'],38.0,['Fail'],38.0,['Pass'],29.0,['Fail'],37.0,['Pass'],27.0
2269.0,wp_4,17.0,wc_17,72.0,"{'Pass': 2, 'Fail': 98}",['Fail'],20.0,['Fail'],25.0,['Fail'],40.0,['Fail'],30.0,['Fail'],36.0,['Fail'],22.0,['Fail'],36.0,['Fail'],26.0,['Fail'],28.0,['Fail'],24.0,['Fail'],37.0,['Fail'],22.0,['Fail'],35.0,['Fail'],30.0,['Fail'],33.0,['Fail'],22.0,['Fail'],32.0
2279.0,wp_1,10.0,wc_10,77.0,"{'Pass': 57, 'Fail': 43}",['Pass'],25.0,['Pass'],38.0,['Pass'],39.0,['Pass'],39.0,['Fail'],37.0,['Pass'],31.0,['Pass'],27.0,['Fail'],24.0,['Pass'],29.0,['Pass'],30.0,['Fail'],30.0,['Pass'],32.0,['Pass'],21.0,['Fail'],23.0,['Pass'],29.0,['Pass'],32.0,['Pass'],37.0
2322.0,wp_3,12.0,wc_12,59.0,"{'Pass': 93, 'Fail': 7}",['Pass'],29.0,['Pass'],40.0,['Pass'],39.0,['Pass'],21.0,['Pass'],30.0,['Pass'],28.0,['Pass'],37.0,['Pass'],31.0,['Pass'],29.0,['Pass'],21.0,['Pass'],33.0,['Pass'],29.0,['Pass'],37.0,['Pass'],24.0,['Pass'],23.0,['Pass'],20.0,['Pass'],34.0
2328.0,wp_2,7.0,wc_7,58.0,"{'Pass': 36, 'Fail': 64}",['Fail'],31.0,['Pass'],27.0,['Fail'],29.0,['Pass'],28.0,['Fail'],31.0,['Fail'],34.0,['Fail'],31.0,['Fail'],35.0,['Fail'],30.0,['Fail'],23.0,['Fail'],31.0,['Fail'],30.0,['Fail'],36.0,['Pass'],36.0,['Pass'],28.0,['Fail'],21.0,['Pass'],28.0
2342.0,wp_4,17.0,wc_17,64.0,"{'Pass': 99, 'Fail': 1}",['Pass'],26.0,['Pass'],32.0,['Pass'],37.0,['Pass'],33.0,['Pass'],23.0,['Pass'],32.0,['Pass'],39.0,['Pass'],21.0,['Pass'],40.0,['Pass'],37.0,['Fail'],34.0,['Pass'],34.0,['Pass'],36.0,['Pass'],32.0,['Pass'],21.0,['Pass'],23.0,['Pass'],26.0
2340.0,wp_5,15.0,wc_15,76.0,"{'Pass': 94, 'Fail': 6}",['Pass'],23.0,['Pass'],26.0,['Pass'],37.0,['Pass'],36.0,['Pass'],37.0,['Pass'],28.0,['Pass'],26.0,['Pass'],30.0,['Pass'],29.0,['Pass'],30.0,['Pass'],23.0,['Pass'],24.0,['Pass'],22.0,['Fail'],33.0,['Pass'],20.0,['Pass'],29.0,['Pass'],26.0
2382.0,wp_3,13.0,wc_13,56.0,"{'Pass': 9, 'Fail': 91}",['Pass'],39.0,['Pass'],24.0,['Pass'],29.0,['Fail'],34.0,['Fail'],20.0,['Fail'],34.0,['Pass'],25.0,['Fail'],25.0,['Fail'],34.0,['Fail'],22.0,['Fail'],21.0,['Fail'],22.0,['Fail'],28.0,['Fail'],21.0,['Fail'],36.0,['Fail'],24.0,['Fail'],29.0
2387.0,wp_2,7.0,wc_7,58.0,"{'Pass': 49, 'Fail': 51}",['Fail'],30.0,['Fail'],33.0,['Pass'],40.0,['Fail'],39.0,['Pass'],38.0,['Pass'],25.0,['Fail'],33.0,['Fail'],34.0,['Pass'],35.0,['Pass'],40.0,['Fail'],34.0,['Pass'],23.0,['Pass'],34.0,['Fail'],34.0,['Pass'],34.0,['Fail'],20.0,['Fail'],38.0
2382.0,wp_1,12.0,wc_12,72.0,"{'Pass': 30, 'Fail': 70}",['Fail'],26.0,['Fail'],38.0,['Fail'],35.0,['Fail'],23.0,['Fail'],29.0,['Pass'],25.0,['Fail'],23.0,['Fail'],21.0,['Fail'],21.0,['Pass'],22.0,['Pass'],27.0,['Fail'],40.0,['Fail'],27.0,['Fail'],26.0,['Fail'],33.0,['Pass'],23.0,['Fail'],39.0
2417.0,wp_5,16.0,wc_16,65.0,"{'Pass': 84, 'Fail': 16}",['Pass'],30.0,['Pass'],24.0,['Pass'],24.0,['Pass'],29.0,['Pass'],25.0,['Pass'],39.0,['Pass'],23.0,['Fail'],29.0,['Fail'],35.0,['Pass'],37.0,['Fail'],20.0,['Pass'],27.0,['Fail'],31.0,['Pass'],30.0,['Pass'],37.0,['Pass'],32.0,['Pass'],23.0
2439.0,wp_3,13.0,wc_13,63.0,"{'Pass': 62, 'Fail': 38}",['Pass'],40.0,['Pass'],38.0,['Fail'],32.0,['Pass'],22.0,['Fail'],25.0,['Pass'],29.0,['Pass'],24.0,['Pass'],37.0,['Pass'],25.0,['Pass'],27.0,['Pass'],32.0,['Fail'],32.0,['Pass'],33.0,['Fail'],23.0,['Pass'],28.0,['Pass'],39.0,['Pass'],31.0
2446.0,wp_2,7.0,wc_7,80.0,"{'Pass': 9, 'Fail': 91}",['Fail'],37.0,['Fail'],23.0,['Fail'],22.0,['Fail'],40.0,['Fail'],31.0,['Fail'],27.0,['Fail'],21.0,['Fail'],28.0,['Fail'],23.0,['Fail'],36.0,['Fail'],25.0,['Fail'],27.0,['Pass'],38.0,['Fail'],39.0,['Pass'],22.0,['Fail'],37.0,['Fail'],33.0
2455.0,wp_1,12.0,wc_12,75.0,"{'Pass': 20, 'Fail': 80}",['Fail'],38.0,['Fail'],32.0,['Pass'],21.0,['Fail'],26.0,['Fail'],39.0,['Pass'],26.0,['Fail'],40.0,['Pass'],20.0,['Fail'],37.0,['Fail'],40.0,['Fail'],26.0,['Fail'],28.0,['Fail'],37.0,['Fail'],36.0,['Pass'],29.0,['Pass'],34.0,['Fail'],36.0
2483.0,wp_5,14.0,wc_14,55.0,"{'Pass': 21, 'Fail': 79}",['Pass'],21.0,['Pass'],31.0,['Fail'],39.0,['Fail'],22.0,['Fail'],24.0,['Fail'],28.0,['Fail'],39.0,['Fail'],37.0,['Fail'],31.0,['Pass'],29.0,['Pass'],35.0,['Pass'],28.0,['Fail'],38.0,['Fail'],28.0,['Fail'],34.0,['Pass'],20.0,['Fail'],34.0
2503.0,wp_3,16.0,wc_16,57.0,"{'Pass': 23, 'Fail': 77}",['Fail'],35.0,['Fail'],30.0,['Fail'],38.0,['Fail'],35.0,['Fail'],39.0,['Fail'],23.0,['Pass'],22.0,['Pass'],26.0,['Fail'],27.0,['Pass'],23.0,['Fail'],31.0,['Fail'],39.0,['Fail'],40.0,['Fail'],22.0,['Fail'],25.0,['Pass'],22.0,['Fail'],28.0
2527.0,wp_2,7.0,wc_7,65.0,"{'Pass': 52, 'Fail': 48}",['Pass'],34.0,['Pass'],27.0,['Pass'],33.0,['Pass'],36.0,['Fail'],37.0,['Fail'],22.0,['Fail'],39.0,['Pass'],39.0,['Fail'],23.0,['Pass'],22.0,['Fail'],29.0,['Fail'],31.0,['Pass'],20.0,['Pass'],22.0,['Fail'],29.0,['Fail'],25.0,['Fail'],23.0
2531.0,wp_1,12.0,wc_12,68.0,"{'Pass': 68, 'Fail': 32}",['Fail'],21.0,['Pass'],21.0,['Fail'],25.0,['Pass'],36.0,['Fail'],24.0,['Pass'],34.0,['Pass'],32.0,['Pass'],23.0,['Pass'],33.0,['Fail'],29.0,['Pass'],23.0,['Pass'],21.0,['Pass'],24.0,['Pass'],39.0,['Pass'],24.0,['Pass'],30.0,['Fail'],38.0
2539.0,wp_5,14.0,wc_14,63.0,"{'Pass': 97, 'Fail': 3}",['Pass'],33.0,['Pass'],37.0,['Pass'],35.0,['Pass'],20.0,['Pass'],34.0,['Pass'],23.0,['Pass'],27.0,['Fail'],20.0,['Pass'],31.0,['Pass'],27.0,['Pass'],21.0,['Pass'],20.0,['Pass'],26.0,['Pass'],24.0,['Pass'],32.0,['Pass'],30.0,['Pass'],22.0
2561.0,wp_3,16.0,wc_16,53.0,"{'Pass': 11, 'Fail': 89}",['Fail'],24.0,['Pass'],35.0,['Pass'],40.0,['Fail'],20.0,['Fail'],23.0,['Fail'],31.0,['Fail'],38.0,['Fail'],31.0,['Fail'],20.0,['Fail'],35.0,['Fail'],21.0,['Fail'],24.0,['Fail'],32.0,['Fail'],34.0,['Fail'],38.0,['Fail'],37.0,['Fail'],32.0
2593.0,wp_2,10.0,wc_10,56.0,"{'Pass': 49, 'Fail': 51}",['Pass'],24.0,['Fail'],28.0,['Pass'],28.0,['Pass'],38.0,['Fail'],35.0,['Fail'],39.0,['Pass'],33.0,['Pass'],21.0,['Fail'],38.0,['Pass'],22.0,['Fail'],22.0,['Fail'],25.0,['Pass'],21.0,['Pass'],21.0,['Pass'],29.0,['Pass'],38.0,['Fail'],29.0
2603.0,wp_5,17.0,wc_17,63.0,"{'Pass': 93, 'Fail': 7}",['Pass'],28.0,['Pass'],20.0,['Pass'],34.0,['Pass'],34.0,['Pass'],33.0,['Pass'],27.0,['Pass'],29.0,['Pass'],37.0,['Pass'],20.0,['Pass'],38.0,['Pass'],32.0,['Pass'],35.0,['Pass'],26.0,['Pass'],31.0,['Pass'],39.0,['Pass'],37.0,['Pass'],36.0
2615.0,wp_3,15.0,wc_15,56.0,"{'Pass': 70, 'Fail': 30}",['Fail'],39.0,['Pass'],22.0,['Pass'],38.0,['Pass'],24.0,['Pass'],36.0,['Fail'],32.0,['Fail'],21.0,['Pass'],40.0,['Pass'],35.0,['Pass'],40.0,['Pass'],31.0,['Fail'],24.0,['Fail'],27.0,['Fail'],31.0,['Fail'],22.0,['Pass'],26.0,['Pass'],29.0
2600.0,wp_1,13.0,wc_13,77.0,"{'Pass': 11, 'Fail': 89}",['Fail'],38.0,['Fail'],25.0,['Pass'],36.0,['Fail'],23.0,['Fail'],27.0,['Fail'],37.0,['Fail'],29.0,['Fail'],24.0,['Fail'],30.0,['Fail'],21.0,['Fail'],32.0,['Fail'],39.0,['Fail'],21.0,['Fail'],27.0,['Fail'],36.0,['Fail'],21.0,['Fail'],31.0
2650.0,wp_2,10.0,wc_10,64.0,"{'Pass': 21, 'Fail': 79}",['Fail'],28.0,['Fail'],23.0,['Fail'],36.0,['Fail'],25.0,['Fail'],36.0,['Fail'],32.0,['Fail'],30.0,['Fail'],23.0,['Fail'],20.0,['Fail'],29.0,['Fail'],28.0,['Fail'],20.0,['Fail'],20.0,['Fail'],25.0,['Fail'],26.0,['Fail'],29.0,['Fail'],34.0
2672.0,wp_3,14.0,wc_14,69.0,"{'Pass': 53, 'Fail': 47}",['Pass'],34.0,['Pass'],21.0,['Pass'],37.0,['Pass'],34.0,['Pass'],30.0,['Pass'],26.0,['Fail'],33.0,['Pass'],21.0,['Pass'],35.0,['Fail'],35.0,['Pass'],37.0,['Pass'],31.0,['Pass'],38.0,['Fail'],31.0,['Pass'],22.0,['Fail'],28.0,['Fail'],20.0
2678.0,wp_1,13.0,wc_13,73.0,"{'Pass': 78, 'Fail': 22}",['Pass'],33.0,['Pass'],34.0,['Pass'],32.0,['Pass'],37.0,['Pass'],37.0,['Pass'],36.0,['Pass'],30.0,['Pass'],30.0,['Pass'],35.0,['Pass'],21.0,['Pass'],29.0,['Pass'],22.0,['Fail'],26.0,['Fail'],20.0,['Pass'],29.0,['Pass'],33.0,['Pass'],33.0
2715.0,wp_2,10.0,wc_10,54.0,"{'Pass': 5, 'Fail': 95}",['Fail'],24.0,['Fail'],30.0,['Fail'],25.0,['Fail'],37.0,['Fail'],22.0,['Fail'],22.0,['Fail'],33.0,['Fail'],26.0,['Fail'],27.0,['Fail'],25.0,['Fail'],23.0,['Fail'],28.0,['Fail'],30.0,['Fail'],20.0,['Pass'],37.0,['Fail'],37.0,['Fail'],39.0
2742.0,wp_3,16.0,wc_16,59.0,"{'Pass': 79, 'Fail': 21}",['Pass'],31.0,['Pass'],29.0,['Pass'],22.0,['Fail'],29.0,['Pass'],34.0,['Fail'],31.0,['Fail'],34.0,['Pass'],21.0,['Pass'],26.0,['Pass'],39.0,['Fail'],26.0,['Pass'],29.0,['Pass'],20.0,['Pass'],36.0,['Pass'],32.0,['Pass'],26.0,['Pass'],26.0
2752.0,wp_1,15.0,wc_15,54.0,"{'Pass': 69, 'Fail': 31}",['Pass'],40.0,['Pass'],40.0,['Pass'],35.0,['Pass'],24.0,['Fail'],23.0,['Pass'],26.0,['Pass'],40.0,['Pass'],39.0,['Pass'],25.0,['Pass'],20.0,['Pass'],24.0,['Fail'],40.0,['Pass'],35.0,['Pass'],35.0,['Fail'],20.0,['Pass'],40.0,['Pass'],26.0
2770.0,wp_2,10.0,wc_10,57.0,"{'Pass': 18, 'Fail': 82}",['Fail'],40.0,['Fail'],27.0,['Fail'],36.0,['Fail'],26.0,['Fail'],29.0,['Fail'],20.0,['Fail'],21.0,['Pass'],33.0,['Fail'],27.0,['Fail'],20.0,['Pass'],28.0,['Fail'],24.0,['Pass'],23.0,['Fail'],29.0,['Fail'],31.0,['Fail'],38.0,['Fail'],28.0
2807.0,wp_1,16.0,wc_16,53.0,"{'Pass': 44, 'Fail': 56}",['Fail'],23.0,['Fail'],38.0,['Fail'],22.0,['Fail'],23.0,['Pass'],35.0,['Pass'],31.0,['Fail'],30.0,['Pass'],27.0,['Pass'],25.0,['Pass'],25.0,['Pass'],35.0,['Pass'],27.0,['Fail'],25.0,['Fail'],26.0,['Fail'],22.0,['Fail'],25.0,['Fail'],20.0
2802.0,wp_3,17.0,wc_17,77.0,"{'Pass': 94, 'Fail': 6}",['Pass'],24.0,['Pass'],33.0,['Pass'],32.0,['Pass'],20.0,['Pass'],30.0,['Pass'],38.0,['Pass'],33.0,['Pass'],26.0,['Fail'],32.0,['Pass'],39.0,['Pass'],20.0,['Pass'],21.0,['Pass'],25.0,['Pass'],35.0,['Pass'],35.0,['Fail'],27.0,['Fail'],34.0
2828.0,wp_2,10.0,wc_10,67.0,"{'Pass': 85, 'Fail': 15}",['Fail'],23.0,['Pass'],40.0,['Pass'],40.0,['Fail'],34.0,['Pass'],21.0,['Pass'],20.0,['Pass'],38.0,['Fail'],31.0,['Pass'],35.0,['Pass'],27.0,['Pass'],24.0,['Pass'],31.0,['Pass'],26.0,['Pass'],23.0,['Pass'],23.0,['Pass'],22.0,['Pass'],39.0
2861.0,wp_1,16.0,wc_16,74.0,"{'Pass': 61, 'Fail': 39}",['Pass'],29.0,['Pass'],32.0,['Fail'],28.0,['Pass'],22.0,['Pass'],33.0,['Fail'],31.0,['Fail'],22.0,['Pass'],34.0,['Fail'],40.0,['Fail'],26.0,['Pass'],26.0,['Pass'],24.0,['Fail'],21.0,['Fail'],34.0,['Fail'],22.0,['Pass'],35.0,['Pass'],33.0
2896.0,wp_2,12.0,wc_12,53.0,"{'Pass': 63, 'Fail': 37}",['Pass'],34.0,['Pass'],29.0,['Pass'],23.0,['Pass'],33.0,['Pass'],25.0,['Pass'],27.0,['Fail'],33.0,['Pass'],24.0,['Pass'],29.0,['Fail'],24.0,['Pass'],30.0,['Pass'],27.0,['Pass'],33.0,['Pass'],27.0,['Pass'],25.0,['Fail'],39.0,['Pass'],24.0
2936.0,wp_1,14.0,wc_14,73.0,"{'Pass': 10, 'Fail': 90}",['Fail'],20.0,['Fail'],29.0,['Fail'],35.0,['Fail'],21.0,['Fail'],30.0,['Fail'],24.0,['Fail'],24.0,['Pass'],31.0,['Fail'],26.0,['Pass'],25.0,['Fail'],40.0,['Pass'],33.0,['Fail'],23.0,['Fail'],32.0,['Fail'],31.0,['Fail'],36.0,['Fail'],25.0
2950.0,wp_2,13.0,wc_13,79.0,"{'Pass': 57, 'Fail': 43}",['Pass'],32.0,['Pass'],27.0,['Fail'],24.0,['Pass'],20.0,['Fail'],22.0,['Pass'],27.0,['Pass'],34.0,['Pass'],32.0,['Fail'],32.0,['Pass'],37.0,['Pass'],31.0,['Pass'],33.0,['Fail'],29.0,['Pass'],36.0,['Fail'],20.0,['Pass'],30.0,['Fail'],33.0
3010.0,wp_1,14.0,wc_14,50.0,"{'Pass': 100, 'Fail': 0}",['Pass'],21.0,['Pass'],29.0,['Pass'],34.0,['Pass'],29.0,['Pass'],21.0,['Pass'],33.0,['Pass'],37.0,['Pass'],20.0,['Pass'],40.0,['Pass'],40.0,['Pass'],30.0,['Pass'],25.0,['Pass'],25.0,['Pass'],27.0,['Pass'],37.0,['Pass'],20.0,['Pass'],31.0
3030.0,wp_2,16.0,wc_16,53.0,"{'Pass': 74, 'Fail': 26}",['Fail'],32.0,['Fail'],27.0,['Pass'],21.0,['Pass'],36.0,['Pass'],27.0,['Pass'],20.0,['Pass'],32.0,['Pass'],36.0,['Pass'],40.0,['Pass'],30.0,['Pass'],25.0,['Pass'],37.0,['Pass'],20.0,['Pass'],21.0,['Pass'],40.0,['Pass'],36.0,['Pass'],22.0
3061.0,wp_1,17.0,wc_17,75.0,"{'Pass': 9, 'Fail': 91}",['Fail'],22.0,['Fail'],28.0,['Fail'],21.0,['Fail'],33.0,['Fail'],40.0,['Fail'],37.0,['Fail'],33.0,['Fail'],20.0,['Fail'],35.0,['Fail'],35.0,['Fail'],33.0,['Fail'],20.0,['Pass'],33.0,['Fail'],33.0,['Fail'],32.0,['Fail'],22.0,['Fail'],22.0
3084.0,wp_2,14.0,wc_14,62.0,"{'Pass': 22, 'Fail': 78}",['Fail'],39.0,['Pass'],24.0,['Fail'],23.0,['Pass'],26.0,['Pass'],22.0,['Fail'],31.0,['Fail'],32.0,['Fail'],27.0,['Fail'],39.0,['Pass'],29.0,['Pass'],22.0,['Fail'],40.0,['Fail'],20.0,['Fail'],38.0,['Fail'],29.0,['Fail'],29.0,['Fail'],37.0
3137.0,wp_1,17.0,wc_17,50.0,"{'Pass': 3, 'Fail': 97}",['Fail'],33.0,['Fail'],27.0,['Fail'],31.0,['Fail'],26.0,['Fail'],37.0,['Fail'],23.0,['Fail'],38.0,['Fail'],22.0,['Fail'],24.0,['Fail'],24.0,['Fail'],31.0,['Fail'],24.0,['Fail'],40.0,['Fail'],39.0,['Fail'],31.0,['Fail'],37.0,['Fail'],24.0
3147.0,wp_2,14.0,wc_14,68.0,"{'Pass': 45, 'Fail': 55}",['Pass'],23.0,['Fail'],27.0,['Pass'],27.0,['Pass'],36.0,['Fail'],20.0,['Pass'],31.0,['Pass'],20.0,['Pass'],22.0,['Fail'],31.0,['Fail'],35.0,['Pass'],37.0,['Fail'],21.0,['Fail'],26.0,['Fail'],23.0,['Fail'],39.0,['Fail'],33.0,['Fail'],34.0
3188.0,wp_1,17.0,wc_17,63.0,"{'Pass': 12, 'Fail': 88}",['Fail'],37.0,['Fail'],38.0,['Fail'],30.0,['Fail'],20.0,['Fail'],26.0,['Fail'],31.0,['Fail'],22.0,['Fail'],26.0,['Fail'],23.0,['Fail'],24.0,['Fail'],28.0,['Fail'],27.0,['Pass'],24.0,['Fail'],20.0,['Fail'],40.0,['Fail'],30.0,['Fail'],21.0
3216.0,wp_2,14.0,wc_14,78.0,"{'Pass': 90, 'Fail': 10}",['Pass'],21.0,['Pass'],27.0,['Pass'],38.0,['Fail'],29.0,['Pass'],23.0,['Pass'],21.0,['Pass'],40.0,['Pass'],23.0,['Pass'],37.0,['Pass'],36.0,['Pass'],24.0,['Pass'],30.0,['Pass'],37.0,['Pass'],30.0,['Pass'],40.0,['Pass'],35.0,['Pass'],21.0
3252.0,wp_1,17.0,wc_17,71.0,"{'Pass': 30, 'Fail': 70}",['Fail'],33.0,['Fail'],26.0,['Fail'],26.0,['Pass'],31.0,['Fail'],26.0,['Fail'],39.0,['Fail'],21.0,['Pass'],21.0,['Fail'],25.0,['Pass'],21.0,['Fail'],30.0,['Fail'],34.0,['Fail'],26.0,['Fail'],28.0,['Pass'],21.0,['Fail'],24.0,['Fail'],35.0
3295.0,wp_2,15.0,wc_15,79.0,"{'Pass': 47, 'Fail': 53}",['Pass'],33.0,['Fail'],35.0,['Fail'],31.0,['Pass'],38.0,['Fail'],38.0,['Fail'],21.0,['Fail'],20.0,['Pass'],25.0,['Pass'],24.0,['Fail'],34.0,['Fail'],38.0,['Pass'],38.0,['Pass'],33.0,['Fail'],35.0,['Pass'],29.0,['Fail'],24.0,['Fail'],20.0
3324.0,wp_1,17.0,wc_17,58.0,"{'Pass': 50, 'Fail': 50}",['Fail'],25.0,['Fail'],26.0,['Pass'],25.0,['Fail'],27.0,['Fail'],40.0,['Fail'],23.0,['Fail'],40.0,['Fail'],31.0,['Fail'],39.0,['Pass'],21.0,['Fail'],33.0,['Pass'],31.0,['Fail'],36.0,['Fail'],31.0,['Pass'],26.0,['Fail'],31.0,['Fail'],35.0
3375.0,wp_2,15.0,wc_15,57.0,"{'Pass': 100, 'Fail': 0}",['Pass'],40.0,['Pass'],33.0,['Pass'],23.0,['Pass'],27.0,['Pass'],30.0,['Pass'],32.0,['Pass'],30.0,['Pass'],36.0,['Pass'],35.0,['Pass'],30.0,['Pass'],22.0,['Pass'],39.0,['Pass'],25.0,['Pass'],29.0,['Pass'],22.0,['Pass'],38.0,['Pass'],26.0
3383.0,wp_1,17.0,wc_17,68.0,"{'Pass': 59, 'Fail': 41}",['Fail'],22.0,['Fail'],40.0,['Pass'],39.0,['Pass'],31.0,['Fail'],32.0,['Fail'],21.0,['Fail'],30.0,['Pass'],21.0,['Pass'],22.0,['Fail'],39.0,['Fail'],32.0,['Pass'],38.0,['Fail'],23.0,['Fail'],40.0,['Fail'],30.0,['Fail'],40.0,['Pass'],22.0
3451.0,wp_2,17.0,wc_17,69.0,"{'Pass': 11, 'Fail': 89}",['Fail'],40.0,['Fail'],32.0,['Fail'],29.0,['Fail'],32.0,['Fail'],21.0,['Fail'],20.0,['Pass'],34.0,['Fail'],31.0,['Fail'],29.0,['Fail'],22.0,['Fail'],26.0,['Pass'],20.0,['Fail'],25.0,['Fail'],32.0,['Fail'],31.0,['Fail'],35.0,['Fail'],28.0
3521.0,wp_2,17.0,wc_17,58.0,"{'Pass': 10, 'Fail': 90}",['Fail'],29.0,['Fail'],30.0,['Fail'],24.0,['Fail'],27.0,['Fail'],32.0,['Pass'],31.0,['Fail'],40.0,['Fail'],31.0,['Fail'],26.0,['Fail'],23.0,['Fail'],38.0,['Fail'],26.0,['Fail'],29.0,['Fail'],25.0,['Fail'],31.0,['Pass'],40.0,['Fail'],23.0
3580.0,wp_2,17.0,wc_17,77.0,"{'Pass': 50, 'Fail': 50}",['Pass'],32.0,['Fail'],26.0,['Pass'],32.0,['Fail'],30.0,['Fail'],29.0,['Pass'],38.0,['Pass'],30.0,['Pass'],26.0,['Pass'],22.0,['Fail'],31.0,['Pass'],22.0,['Pass'],20.0,['Pass'],30.0,['Pass'],30.0,['Pass'],33.0,['Pass'],34.0,['Fail'],22.0
3658.0,wp_2,17.0,wc_17,79.0,"{'Pass': 64, 'Fail': 36}",['Pass'],36.0,['Fail'],32.0,['Pass'],27.0,['Pass'],38.0,['Pass'],27.0,['Pass'],22.0,['Pass'],36.0,['Fail'],35.0,['Pass'],26.0,['Pass'],23.0,['Pass'],20.0,['Fail'],23.0,['Pass'],29.0,['Pass'],23.0,['Fail'],23.0,['Pass'],20.0,['Pass'],24.0
