time_step,workpiece_id,step_idx,workcell_id,production_time,actual_quality,qc_wc_1_confidence,qc_wc_1_results,qc_wc_1_time,qc_wc_2_confidence,qc_wc_2_results,qc_wc_2_time,qc_wc_3_confidence,qc_wc_3_results,qc_wc_3_time,qc_wc_4_confidence,qc_wc_4_results,qc_wc_4_time,qc_wc_5_confidence,qc_wc_5_results,qc_wc_5_time,qc_wc_6_confidence,qc_wc_6_results,qc_wc_6_time,qc_wc_7_confidence,qc_wc_7_results,qc_wc_7_time,qc_wc_8_confidence,qc_wc_8_results,qc_wc_8_time,qc_wc_9_confidence,qc_wc_9_results,qc_wc_9_time,qc_wc_10_confidence,qc_wc_10_results,qc_wc_10_time,qc_wc_11_confidence,qc_wc_11_results,qc_wc_11_time,qc_wc_12_confidence,qc_wc_12_results,qc_wc_12_time,qc_wc_13_confidence,qc_wc_13_results,qc_wc_13_time,qc_wc_14_confidence,qc_wc_14_results,qc_wc_14_time,qc_wc_15_confidence,qc_wc_15_results,qc_wc_15_time,qc_wc_16_confidence,qc_wc_16_results,qc_wc_16_time,qc_wc_17_confidence,qc_wc_17_results,qc_wc_17_time
0.0,wp_1,1.0,wc_1,69.0,"{'Pass': 32, 'Fail': 68}",0.4,['Fail'],36.0,1.0,['Fail'],36.0,0.2,['Fail'],39.0,0.1,['Fail'],33.0,0.5,['Fail'],36.0,0.1,['Pass'],27.0,0.6,['Fail'],39.0,0.9,['Fail'],37.0,0.5,['Pass'],39.0,1.0,['Fail'],36.0,0.8,['Fail'],23.0,0.9,['Fail'],28.0,0.8,['Fail'],21.0,0.9,['Pass'],31.0,0.5,['Pass'],22.0,0.3,['Pass'],34.0,0.5,['Fail'],28.0
69.0,wp_2,1.0,wc_1,75.0,"{'Pass': 59, 'Fail': 41}",0.4,['Pass'],22.0,1.0,['Pass'],37.0,0.2,['Pass'],37.0,0.1,['Pass'],30.0,0.5,['Pass'],22.0,0.1,['Fail'],37.0,0.6,['Pass'],20.0,0.9,['Fail'],22.0,0.5,['Pass'],29.0,1.0,['Pass'],33.0,0.8,['Pass'],35.0,0.9,['Pass'],25.0,0.8,['Pass'],38.0,0.9,['Pass'],39.0,0.5,['Pass'],34.0,0.3,['Pass'],32.0,0.5,['Pass'],31.0
145.0,wp_2,4.0,wc_4,58.0,"{'Pass': 41, 'Fail': 59}",0.4,['Pass'],33.0,1.0,['Fail'],26.0,0.2,['Pass'],31.0,0.1,['Pass'],34.0,0.5,['Pass'],27.0,0.1,['Pass'],33.0,0.6,['Fail'],23.0,0.9,['Fail'],20.0,0.5,['Fail'],21.0,1.0,['Fail'],37.0,0.8,['Fail'],30.0,0.9,['Fail'],30.0,0.8,['Pass'],36.0,0.9,['Fail'],23.0,0.5,['Pass'],29.0,0.3,['Pass'],25.0,0.5,['Fail'],31.0
144.0,wp_3,1.0,wc_1,64.0,"{'Pass': 23, 'Fail': 77}",0.4,['Fail'],28.0,1.0,['Fail'],35.0,0.2,['Pass'],37.0,0.1,['Pass'],23.0,0.5,['Pass'],33.0,0.1,['Fail'],26.0,0.6,['Fail'],34.0,0.9,['Fail'],31.0,0.5,['Fail'],40.0,1.0,['Fail'],36.0,0.8,['Fail'],36.0,0.9,['Fail'],34.0,0.8,['Fail'],28.0,0.9,['Fail'],27.0,0.5,['Fail'],33.0,0.3,['Pass'],27.0,0.5,['Fail'],21.0
204.0,wp_2,3.0,wc_3,77.0,"{'Pass': 21, 'Fail': 79}",0.4,['Fail'],28.0,1.0,['Fail'],28.0,0.2,['Pass'],28.0,0.1,['Pass'],34.0,0.5,['Fail'],26.0,0.1,['Fail'],35.0,0.6,['Fail'],22.0,0.9,['Fail'],37.0,0.5,['Fail'],20.0,1.0,['Fail'],23.0,0.8,['Fail'],34.0,0.9,['Fail'],30.0,0.8,['Fail'],20.0,0.9,['Fail'],30.0,0.5,['Fail'],20.0,0.3,['Fail'],40.0,0.5,['Pass'],37.0
208.0,wp_4,1.0,wc_1,76.0,"{'Pass': 45, 'Fail': 55}",0.4,['Fail'],22.0,1.0,['Pass'],31.0,0.2,['Pass'],28.0,0.1,['Pass'],38.0,0.5,['Fail'],32.0,0.1,['Pass'],25.0,0.6,['Fail'],21.0,0.9,['Fail'],35.0,0.5,['Fail'],38.0,1.0,['Fail'],23.0,0.8,['Fail'],40.0,0.9,['Fail'],40.0,0.8,['Fail'],21.0,0.9,['Fail'],40.0,0.5,['Fail'],21.0,0.3,['Pass'],31.0,0.5,['Fail'],23.0
284.0,wp_5,1.0,wc_1,60.0,"{'Pass': 79, 'Fail': 21}",0.4,['Fail'],24.0,1.0,['Pass'],21.0,0.2,['Fail'],36.0,0.1,['Fail'],31.0,0.5,['Pass'],20.0,0.1,['Pass'],36.0,0.6,['Pass'],40.0,0.9,['Pass'],34.0,0.5,['Fail'],30.0,1.0,['Pass'],32.0,0.8,['Pass'],35.0,0.9,['Pass'],39.0,0.8,['Pass'],37.0,0.9,['Pass'],35.0,0.5,['Fail'],35.0,0.3,['Fail'],30.0,0.5,['Pass'],32.0
282.0,wp_2,3.0,wc_3,66.0,"{'Pass': 76, 'Fail': 24}",0.4,['Pass'],36.0,1.0,['Pass'],37.0,0.2,['Pass'],22.0,0.1,['Fail'],29.0,0.5,['Pass'],32.0,0.1,['Fail'],22.0,0.6,['Fail'],34.0,0.9,['Pass'],40.0,0.5,['Pass'],21.0,1.0,['Pass'],40.0,0.8,['Pass'],32.0,0.9,['Pass'],34.0,0.8,['Pass'],28.0,0.9,['Pass'],29.0,0.5,['Pass'],24.0,0.3,['Fail'],37.0,0.5,['Pass'],23.0
345.0,wp_1,1.0,wc_1,60.0,"{'Pass': 63, 'Fail': 37}",0.4,['Pass'],37.0,1.0,['Pass'],28.0,0.2,['Fail'],21.0,0.1,['Fail'],35.0,0.5,['Fail'],32.0,0.1,['Fail'],34.0,0.6,['Pass'],29.0,0.9,['Pass'],39.0,0.5,['Pass'],29.0,1.0,['Pass'],29.0,0.8,['Pass'],20.0,0.9,['Fail'],38.0,0.8,['Pass'],39.0,0.9,['Pass'],26.0,0.5,['Pass'],25.0,0.3,['Pass'],32.0,0.5,['Pass'],33.0
345.0,wp_5,2.0,wc_2,72.0,"{'Pass': 52, 'Fail': 48}",0.4,['Fail'],27.0,1.0,['Pass'],22.0,0.2,['Fail'],22.0,0.1,['Pass'],28.0,0.5,['Pass'],31.0,0.1,['Fail'],28.0,0.6,['Pass'],36.0,0.9,['Pass'],27.0,0.5,['Fail'],22.0,1.0,['Pass'],33.0,0.8,['Pass'],38.0,0.9,['Pass'],29.0,0.8,['Fail'],31.0,0.9,['Fail'],24.0,0.5,['Pass'],22.0,0.3,['Fail'],24.0,0.5,['Fail'],29.0
349.0,wp_2,4.0,wc_4,79.0,"{'Pass': 40, 'Fail': 60}",0.4,['Fail'],39.0,1.0,['Fail'],26.0,0.2,['Fail'],34.0,0.1,['Fail'],24.0,0.5,['Fail'],36.0,0.1,['Fail'],24.0,0.6,['Fail'],23.0,0.9,['Fail'],36.0,0.5,['Fail'],34.0,1.0,['Fail'],23.0,0.8,['Pass'],29.0,0.9,['Fail'],26.0,0.8,['Fail'],23.0,0.9,['Fail'],21.0,0.5,['Fail'],31.0,0.3,['Pass'],31.0,0.5,['Fail'],30.0
406.0,wp_1,3.0,wc_3,51.0,"{'Pass': 34, 'Fail': 66}",0.4,['Pass'],20.0,1.0,['Fail'],30.0,0.2,['Fail'],31.0,0.1,['Fail'],38.0,0.5,['Fail'],32.0,0.1,['Pass'],39.0,0.6,['Fail'],29.0,0.9,['Fail'],23.0,0.5,['Pass'],31.0,1.0,['Fail'],40.0,0.8,['Fail'],39.0,0.9,['Pass'],30.0,0.8,['Fail'],28.0,0.9,['Pass'],20.0,0.5,['Pass'],37.0,0.3,['Fail'],23.0,0.5,['Fail'],39.0
405.0,wp_3,1.0,wc_1,70.0,"{'Pass': 76, 'Fail': 24}",0.4,['Pass'],27.0,1.0,['Pass'],36.0,0.2,['Pass'],28.0,0.1,['Pass'],40.0,0.5,['Pass'],23.0,0.1,['Fail'],40.0,0.6,['Pass'],29.0,0.9,['Pass'],24.0,0.5,['Pass'],29.0,1.0,['Pass'],39.0,0.8,['Pass'],25.0,0.9,['Pass'],26.0,0.8,['Pass'],27.0,0.9,['Pass'],40.0,0.5,['Fail'],23.0,0.3,['Pass'],37.0,0.5,['Pass'],21.0
429.0,wp_2,2.0,wc_2,63.0,"{'Pass': 8, 'Fail': 92}",0.4,['Fail'],20.0,1.0,['Fail'],26.0,0.2,['Fail'],27.0,0.1,['Fail'],40.0,0.5,['Fail'],27.0,0.1,['Pass'],39.0,0.6,['Fail'],20.0,0.9,['Fail'],38.0,0.5,['Fail'],27.0,1.0,['Fail'],34.0,0.8,['Fail'],20.0,0.9,['Fail'],22.0,0.8,['Fail'],35.0,0.9,['Fail'],28.0,0.5,['Fail'],35.0,0.3,['Fail'],30.0,0.5,['Fail'],25.0
428.0,wp_5,4.0,wc_4,65.0,"{'Pass': 51, 'Fail': 49}",0.4,['Fail'],30.0,1.0,['Fail'],32.0,0.2,['Pass'],35.0,0.1,['Pass'],24.0,0.5,['Pass'],34.0,0.1,['Fail'],21.0,0.6,['Fail'],27.0,0.9,['Fail'],37.0,0.5,['Pass'],26.0,1.0,['Pass'],36.0,0.8,['Fail'],30.0,0.9,['Fail'],21.0,0.8,['Pass'],20.0,0.9,['Pass'],38.0,0.5,['Fail'],26.0,0.3,['Fail'],25.0,0.5,['Fail'],26.0
458.0,wp_1,3.0,wc_3,67.0,"{'Pass': 1, 'Fail': 99}",0.4,['Fail'],36.0,1.0,['Fail'],25.0,0.2,['Fail'],36.0,0.1,['Fail'],39.0,0.5,['Fail'],28.0,0.1,['Fail'],39.0,0.6,['Fail'],40.0,0.9,['Fail'],24.0,0.5,['Fail'],25.0,1.0,['Fail'],28.0,0.8,['Fail'],21.0,0.9,['Fail'],37.0,0.8,['Fail'],27.0,0.9,['Fail'],33.0,0.5,['Fail'],30.0,0.3,['Fail'],32.0,0.5,['Fail'],40.0
475.0,wp_4,1.0,wc_1,56.0,"{'Pass': 49, 'Fail': 51}",0.4,['Fail'],29.0,1.0,['Fail'],37.0,0.2,['Fail'],20.0,0.1,['Fail'],21.0,0.5,['Fail'],29.0,0.1,['Fail'],35.0,0.6,['Fail'],26.0,0.9,['Fail'],22.0,0.5,['Pass'],21.0,1.0,['Pass'],24.0,0.8,['Fail'],38.0,0.9,['Fail'],24.0,0.8,['Fail'],30.0,0.9,['Pass'],38.0,0.5,['Pass'],30.0,0.3,['Fail'],22.0,0.5,['Fail'],28.0
492.0,wp_3,2.0,wc_2,76.0,"{'Pass': 5, 'Fail': 95}",0.4,['Fail'],29.0,1.0,['Fail'],21.0,0.2,['Fail'],30.0,0.1,['Pass'],23.0,0.5,['Fail'],34.0,0.1,['Pass'],26.0,0.6,['Fail'],21.0,0.9,['Fail'],28.0,0.5,['Fail'],30.0,1.0,['Fail'],20.0,0.8,['Fail'],32.0,0.9,['Fail'],31.0,0.8,['Fail'],21.0,0.9,['Fail'],26.0,0.5,['Fail'],30.0,0.3,['Pass'],23.0,0.5,['Fail'],28.0
494.0,wp_2,4.0,wc_4,78.0,"{'Pass': 72, 'Fail': 28}",0.4,['Fail'],40.0,1.0,['Pass'],28.0,0.2,['Pass'],39.0,0.1,['Pass'],32.0,0.5,['Pass'],29.0,0.1,['Fail'],22.0,0.6,['Pass'],31.0,0.9,['Pass'],26.0,0.5,['Pass'],29.0,1.0,['Pass'],36.0,0.8,['Pass'],28.0,0.9,['Pass'],23.0,0.8,['Pass'],35.0,0.9,['Pass'],26.0,0.5,['Fail'],37.0,0.3,['Pass'],33.0,0.5,['Fail'],34.0
525.0,wp_5,3.0,wc_3,51.0,"{'Pass': 32, 'Fail': 68}",0.4,['Fail'],33.0,1.0,['Fail'],26.0,0.2,['Fail'],20.0,0.1,['Pass'],22.0,0.5,['Fail'],31.0,0.1,['Fail'],33.0,0.6,['Fail'],40.0,0.9,['Fail'],35.0,0.5,['Fail'],22.0,1.0,['Fail'],33.0,0.8,['Pass'],22.0,0.9,['Fail'],28.0,0.8,['Fail'],25.0,0.9,['Fail'],33.0,0.5,['Fail'],39.0,0.3,['Fail'],21.0,0.5,['Fail'],28.0
532.0,wp_4,1.0,wc_1,77.0,"{'Pass': 17, 'Fail': 83}",0.4,['Fail'],22.0,1.0,['Fail'],38.0,0.2,['Pass'],31.0,0.1,['Pass'],37.0,0.5,['Fail'],39.0,0.1,['Pass'],32.0,0.6,['Fail'],30.0,0.9,['Fail'],39.0,0.5,['Fail'],31.0,1.0,['Fail'],38.0,0.8,['Fail'],35.0,0.9,['Fail'],25.0,0.8,['Fail'],30.0,0.9,['Fail'],35.0,0.5,['Fail'],28.0,0.3,['Pass'],36.0,0.5,['Fail'],38.0
569.0,wp_1,2.0,wc_2,53.0,"{'Pass': 89, 'Fail': 11}",0.4,['Pass'],30.0,1.0,['Pass'],27.0,0.2,['Fail'],38.0,0.1,['Pass'],36.0,0.5,['Pass'],39.0,0.1,['Pass'],34.0,0.6,['Pass'],23.0,0.9,['Pass'],20.0,0.5,['Pass'],20.0,1.0,['Pass'],31.0,0.8,['Pass'],25.0,0.9,['Pass'],35.0,0.8,['Pass'],23.0,0.9,['Pass'],37.0,0.5,['Pass'],33.0,0.3,['Pass'],33.0,0.5,['Pass'],21.0
572.0,wp_3,4.0,wc_4,56.0,"{'Pass': 44, 'Fail': 56}",0.4,['Pass'],22.0,1.0,['Pass'],27.0,0.2,['Fail'],30.0,0.1,['Pass'],21.0,0.5,['Fail'],26.0,0.1,['Pass'],27.0,0.6,['Fail'],34.0,0.9,['Fail'],30.0,0.5,['Pass'],31.0,1.0,['Fail'],24.0,0.8,['Fail'],25.0,0.9,['Fail'],24.0,0.8,['Pass'],31.0,0.9,['Fail'],24.0,0.5,['Fail'],32.0,0.3,['Pass'],35.0,0.5,['Fail'],27.0
577.0,wp_5,3.0,wc_3,55.0,"{'Pass': 47, 'Fail': 53}",0.4,['Fail'],29.0,1.0,['Fail'],30.0,0.2,['Pass'],24.0,0.1,['Pass'],20.0,0.5,['Pass'],25.0,0.1,['Pass'],22.0,0.6,['Fail'],34.0,0.9,['Fail'],27.0,0.5,['Fail'],24.0,1.0,['Fail'],21.0,0.8,['Fail'],39.0,0.9,['Fail'],40.0,0.8,['Fail'],24.0,0.9,['Pass'],36.0,0.5,['Pass'],21.0,0.3,['Fail'],30.0,0.5,['Fail'],39.0
610.0,wp_4,1.0,wc_1,64.0,"{'Pass': 96, 'Fail': 4}",0.4,['Pass'],27.0,1.0,['Pass'],37.0,0.2,['Fail'],40.0,0.1,['Pass'],24.0,0.5,['Pass'],36.0,0.1,['Pass'],38.0,0.6,['Pass'],23.0,0.9,['Pass'],32.0,0.5,['Pass'],29.0,1.0,['Pass'],36.0,0.8,['Pass'],22.0,0.9,['Pass'],34.0,0.8,['Pass'],22.0,0.9,['Pass'],21.0,0.5,['Pass'],23.0,0.3,['Pass'],27.0,0.5,['Fail'],26.0
622.0,wp_2,2.0,wc_2,66.0,"{'Pass': 92, 'Fail': 8}",0.4,['Pass'],28.0,1.0,['Pass'],34.0,0.2,['Fail'],38.0,0.1,['Pass'],39.0,0.5,['Pass'],21.0,0.1,['Pass'],27.0,0.6,['Pass'],34.0,0.9,['Pass'],23.0,0.5,['Pass'],20.0,1.0,['Pass'],35.0,0.8,['Pass'],40.0,0.9,['Pass'],34.0,0.8,['Pass'],29.0,0.9,['Pass'],30.0,0.5,['Pass'],38.0,0.3,['Pass'],27.0,0.5,['Pass'],40.0
629.0,wp_1,4.0,wc_4,67.0,"{'Pass': 46, 'Fail': 54}",0.4,['Fail'],23.0,1.0,['Fail'],40.0,0.2,['Pass'],20.0,0.1,['Pass'],28.0,0.5,['Fail'],35.0,0.1,['Pass'],37.0,0.6,['Fail'],32.0,0.9,['Pass'],38.0,0.5,['Pass'],28.0,1.0,['Fail'],24.0,0.8,['Pass'],28.0,0.9,['Fail'],36.0,0.8,['Fail'],37.0,0.9,['Fail'],23.0,0.5,['Fail'],37.0,0.3,['Pass'],28.0,0.5,['Pass'],24.0
633.0,wp_3,3.0,wc_3,71.0,"{'Pass': 81, 'Fail': 19}",0.4,['Fail'],24.0,1.0,['Pass'],31.0,0.2,['Fail'],39.0,0.1,['Pass'],22.0,0.5,['Pass'],20.0,0.1,['Fail'],28.0,0.6,['Fail'],20.0,0.9,['Pass'],22.0,0.5,['Pass'],28.0,1.0,['Pass'],38.0,0.8,['Pass'],35.0,0.9,['Pass'],27.0,0.8,['Pass'],36.0,0.9,['Pass'],33.0,0.5,['Pass'],27.0,0.3,['Pass'],30.0,0.5,['Pass'],26.0
689.0,wp_2,5.0,wc_5,51.0,"{'Pass': 20, 'Fail': 80}",0.4,['Pass'],35.0,1.0,['Fail'],28.0,0.2,['Pass'],20.0,0.1,['Pass'],40.0,0.5,['Fail'],21.0,0.1,['Fail'],40.0,0.6,['Fail'],33.0,0.9,['Fail'],26.0,0.5,['Fail'],30.0,1.0,['Fail'],34.0,0.8,['Fail'],20.0,0.9,['Fail'],37.0,0.8,['Fail'],26.0,0.9,['Fail'],32.0,0.5,['Pass'],29.0,0.3,['Fail'],34.0,0.5,['Fail'],34.0
697.0,wp_1,4.0,wc_4,52.0,"{'Pass': 85, 'Fail': 15}",0.4,['Pass'],34.0,1.0,['Pass'],29.0,0.2,['Fail'],34.0,0.1,['Pass'],38.0,0.5,['Pass'],23.0,0.1,['Fail'],27.0,0.6,['Pass'],20.0,0.9,['Pass'],31.0,0.5,['Pass'],37.0,1.0,['Pass'],33.0,0.8,['Pass'],38.0,0.9,['Pass'],39.0,0.8,['Pass'],31.0,0.9,['Pass'],23.0,0.5,['Pass'],30.0,0.3,['Pass'],39.0,0.5,['Pass'],20.0
688.0,wp_4,2.0,wc_2,75.0,"{'Pass': 88, 'Fail': 12}",0.4,['Pass'],39.0,1.0,['Pass'],26.0,0.2,['Pass'],26.0,0.1,['Pass'],35.0,0.5,['Pass'],30.0,0.1,['Fail'],36.0,0.6,['Pass'],35.0,0.9,['Pass'],23.0,0.5,['Pass'],40.0,1.0,['Pass'],28.0,0.8,['Pass'],31.0,0.9,['Pass'],35.0,0.8,['Pass'],36.0,0.9,['Pass'],31.0,0.5,['Fail'],33.0,0.3,['Pass'],28.0,0.5,['Pass'],24.0
704.0,wp_5,3.0,wc_3,59.0,"{'Pass': 98, 'Fail': 2}",0.4,['Pass'],38.0,1.0,['Pass'],32.0,0.2,['Pass'],33.0,0.1,['Fail'],31.0,0.5,['Pass'],23.0,0.1,['Fail'],25.0,0.6,['Pass'],30.0,0.9,['Pass'],36.0,0.5,['Pass'],21.0,1.0,['Pass'],20.0,0.8,['Pass'],27.0,0.9,['Pass'],24.0,0.8,['Pass'],20.0,0.9,['Pass'],33.0,0.5,['Pass'],30.0,0.3,['Pass'],34.0,0.5,['Pass'],20.0
741.0,wp_2,5.0,wc_5,57.0,"{'Pass': 98, 'Fail': 2}",0.4,['Pass'],27.0,1.0,['Pass'],25.0,0.2,['Fail'],29.0,0.1,['Fail'],32.0,0.5,['Pass'],38.0,0.1,['Fail'],29.0,0.6,['Pass'],31.0,0.9,['Pass'],32.0,0.5,['Pass'],20.0,1.0,['Pass'],27.0,0.8,['Pass'],31.0,0.9,['Pass'],33.0,0.8,['Pass'],21.0,0.9,['Pass'],26.0,0.5,['Fail'],31.0,0.3,['Pass'],34.0,0.5,['Pass'],21.0
764.0,wp_1,3.0,wc_3,58.0,"{'Pass': 5, 'Fail': 95}",0.4,['Fail'],32.0,1.0,['Fail'],40.0,0.2,['Pass'],26.0,0.1,['Pass'],34.0,0.5,['Fail'],28.0,0.1,['Pass'],36.0,0.6,['Fail'],27.0,0.9,['Fail'],31.0,0.5,['Fail'],40.0,1.0,['Fail'],39.0,0.8,['Fail'],27.0,0.9,['Fail'],28.0,0.8,['Fail'],35.0,0.9,['Fail'],20.0,0.5,['Fail'],30.0,0.3,['Fail'],23.0,0.5,['Fail'],32.0
749.0,wp_3,4.0,wc_4,79.0,"{'Pass': 54, 'Fail': 46}",0.4,['Pass'],35.0,1.0,['Pass'],38.0,0.2,['Fail'],35.0,0.1,['Pass'],36.0,0.5,['Pass'],39.0,0.1,['Pass'],40.0,0.6,['Fail'],20.0,0.9,['Pass'],31.0,0.5,['Fail'],37.0,1.0,['Pass'],27.0,0.8,['Pass'],26.0,0.9,['Pass'],28.0,0.8,['Pass'],33.0,0.9,['Pass'],38.0,0.5,['Fail'],34.0,0.3,['Fail'],38.0,0.5,['Pass'],22.0
798.0,wp_5,5.0,wc_5,51.0,"{'Pass': 24, 'Fail': 76}",0.4,['Pass'],25.0,1.0,['Fail'],32.0,0.2,['Fail'],39.0,0.1,['Pass'],33.0,0.5,['Fail'],37.0,0.1,['Pass'],26.0,0.6,['Fail'],29.0,0.9,['Fail'],39.0,0.5,['Fail'],24.0,1.0,['Fail'],33.0,0.8,['Fail'],22.0,0.9,['Fail'],22.0,0.8,['Fail'],25.0,0.9,['Fail'],37.0,0.5,['Pass'],21.0,0.3,['Fail'],37.0,0.5,['Pass'],25.0
799.0,wp_2,6.0,wc_6,52.0,"{'Pass': 68, 'Fail': 32}",0.4,['Fail'],20.0,1.0,['Pass'],40.0,0.2,['Pass'],36.0,0.1,['Pass'],39.0,0.5,['Pass'],40.0,0.1,['Pass'],21.0,0.6,['Fail'],26.0,0.9,['Pass'],35.0,0.5,['Fail'],36.0,1.0,['Pass'],23.0,0.8,['Fail'],20.0,0.9,['Pass'],30.0,0.8,['Pass'],30.0,0.9,['Fail'],24.0,0.5,['Pass'],32.0,0.3,['Pass'],24.0,0.5,['Pass'],20.0
822.0,wp_4,3.0,wc_3,60.0,"{'Pass': 12, 'Fail': 88}",0.4,['Fail'],35.0,1.0,['Fail'],31.0,0.2,['Pass'],40.0,0.1,['Pass'],24.0,0.5,['Fail'],33.0,0.1,['Pass'],35.0,0.6,['Fail'],21.0,0.9,['Fail'],35.0,0.5,['Fail'],29.0,1.0,['Fail'],29.0,0.8,['Fail'],36.0,0.9,['Fail'],32.0,0.8,['Fail'],24.0,0.9,['Fail'],28.0,0.5,['Fail'],20.0,0.3,['Pass'],33.0,0.5,['Fail'],24.0
829.0,wp_3,2.0,wc_2,73.0,"{'Pass': 5, 'Fail': 95}",0.4,['Fail'],24.0,1.0,['Fail'],21.0,0.2,['Fail'],40.0,0.1,['Fail'],32.0,0.5,['Fail'],33.0,0.1,['Pass'],37.0,0.6,['Fail'],20.0,0.9,['Fail'],32.0,0.5,['Fail'],38.0,1.0,['Fail'],23.0,0.8,['Fail'],39.0,0.9,['Fail'],39.0,0.8,['Fail'],27.0,0.9,['Fail'],21.0,0.5,['Fail'],39.0,0.3,['Fail'],32.0,0.5,['Fail'],40.0
850.0,wp_5,5.0,wc_5,67.0,"{'Pass': 83, 'Fail': 17}",0.4,['Fail'],36.0,1.0,['Pass'],29.0,0.2,['Fail'],38.0,0.1,['Fail'],26.0,0.5,['Pass'],24.0,0.1,['Fail'],27.0,0.6,['Pass'],35.0,0.9,['Pass'],26.0,0.5,['Pass'],32.0,1.0,['Pass'],36.0,0.8,['Pass'],21.0,0.9,['Pass'],30.0,0.8,['Pass'],25.0,0.9,['Pass'],23.0,0.5,['Pass'],32.0,0.3,['Pass'],37.0,0.5,['Pass'],28.0
852.0,wp_2,7.0,wc_7,75.0,"{'Pass': 47, 'Fail': 53}",0.4,['Fail'],31.0,1.0,['Fail'],36.0,0.2,['Pass'],37.0,0.1,['Pass'],30.0,0.5,['Pass'],37.0,0.1,['Pass'],22.0,0.6,['Pass'],34.0,0.9,['Fail'],22.0,0.5,['Pass'],37.0,1.0,['Pass'],23.0,0.8,['Fail'],28.0,0.9,['Fail'],26.0,0.8,['Fail'],28.0,0.9,['Pass'],22.0,0.5,['Fail'],33.0,0.3,['Pass'],30.0,0.5,['Fail'],21.0
883.0,wp_1,3.0,wc_3,68.0,"{'Pass': 43, 'Fail': 57}",0.4,['Pass'],34.0,1.0,['Fail'],33.0,0.2,['Pass'],28.0,0.1,['Fail'],36.0,0.5,['Pass'],33.0,0.1,['Pass'],30.0,0.6,['Pass'],37.0,0.9,['Fail'],22.0,0.5,['Pass'],36.0,1.0,['Fail'],23.0,0.8,['Fail'],32.0,0.9,['Fail'],25.0,0.8,['Fail'],24.0,0.9,['Fail'],26.0,0.5,['Fail'],31.0,0.3,['Pass'],23.0,0.5,['Fail'],36.0
883.0,wp_4,4.0,wc_4,80.0,"{'Pass': 94, 'Fail': 6}",0.4,['Pass'],21.0,1.0,['Pass'],30.0,0.2,['Pass'],26.0,0.1,['Pass'],37.0,0.5,['Pass'],29.0,0.1,['Fail'],23.0,0.6,['Pass'],32.0,0.9,['Pass'],32.0,0.5,['Pass'],30.0,1.0,['Pass'],36.0,0.8,['Pass'],29.0,0.9,['Pass'],40.0,0.8,['Pass'],37.0,0.9,['Pass'],38.0,0.5,['Pass'],37.0,0.3,['Fail'],20.0,0.5,['Pass'],31.0
903.0,wp_3,2.0,wc_2,65.0,"{'Pass': 41, 'Fail': 59}",0.4,['Fail'],36.0,1.0,['Fail'],26.0,0.2,['Fail'],28.0,0.1,['Fail'],34.0,0.5,['Fail'],22.0,0.1,['Fail'],23.0,0.6,['Pass'],25.0,0.9,['Fail'],36.0,0.5,['Pass'],25.0,1.0,['Fail'],30.0,0.8,['Fail'],28.0,0.9,['Fail'],35.0,0.8,['Fail'],35.0,0.9,['Fail'],30.0,0.5,['Fail'],28.0,0.3,['Fail'],39.0,0.5,['Fail'],25.0
918.0,wp_5,6.0,wc_6,61.0,"{'Pass': 90, 'Fail': 10}",0.4,['Pass'],38.0,1.0,['Pass'],40.0,0.2,['Pass'],24.0,0.1,['Pass'],38.0,0.5,['Pass'],38.0,0.1,['Fail'],29.0,0.6,['Pass'],37.0,0.9,['Pass'],25.0,0.5,['Pass'],24.0,1.0,['Pass'],36.0,0.8,['Pass'],36.0,0.9,['Pass'],39.0,0.8,['Pass'],30.0,0.9,['Pass'],39.0,0.5,['Pass'],26.0,0.3,['Fail'],23.0,0.5,['Pass'],38.0
928.0,wp_2,7.0,wc_7,74.0,"{'Pass': 41, 'Fail': 59}",0.4,['Fail'],20.0,1.0,['Fail'],23.0,0.2,['Pass'],37.0,0.1,['Pass'],23.0,0.5,['Fail'],30.0,0.1,['Pass'],37.0,0.6,['Fail'],35.0,0.9,['Fail'],36.0,0.5,['Pass'],36.0,1.0,['Fail'],35.0,0.8,['Fail'],27.0,0.9,['Fail'],37.0,0.8,['Fail'],33.0,0.9,['Fail'],34.0,0.5,['Pass'],33.0,0.3,['Fail'],28.0,0.5,['Fail'],34.0
952.0,wp_1,3.0,wc_3,59.0,"{'Pass': 22, 'Fail': 78}",0.4,['Fail'],21.0,1.0,['Fail'],36.0,0.2,['Pass'],37.0,0.1,['Fail'],40.0,0.5,['Fail'],35.0,0.1,['Fail'],35.0,0.6,['Fail'],20.0,0.9,['Fail'],39.0,0.5,['Fail'],27.0,1.0,['Fail'],25.0,0.8,['Fail'],34.0,0.9,['Fail'],22.0,0.8,['Fail'],25.0,0.9,['Fail'],24.0,0.5,['Fail'],26.0,0.3,['Fail'],21.0,0.5,['Fail'],35.0
969.0,wp_3,2.0,wc_2,65.0,"{'Pass': 34, 'Fail': 66}",0.4,['Pass'],36.0,1.0,['Fail'],23.0,0.2,['Fail'],29.0,0.1,['Pass'],31.0,0.5,['Fail'],21.0,0.1,['Fail'],21.0,0.6,['Fail'],36.0,0.9,['Fail'],39.0,0.5,['Pass'],29.0,1.0,['Fail'],37.0,0.8,['Fail'],21.0,0.9,['Fail'],34.0,0.8,['Fail'],20.0,0.9,['Fail'],30.0,0.5,['Fail'],23.0,0.3,['Pass'],38.0,0.5,['Pass'],39.0
980.0,wp_5,9.0,wc_9,72.0,"{'Pass': 27, 'Fail': 73}",0.4,['Fail'],24.0,1.0,['Fail'],25.0,0.2,['Fail'],22.0,0.1,['Pass'],23.0,0.5,['Fail'],26.0,0.1,['Fail'],30.0,0.6,['Pass'],33.0,0.9,['Fail'],22.0,0.5,['Pass'],31.0,1.0,['Fail'],24.0,0.8,['Fail'],31.0,0.9,['Fail'],35.0,0.8,['Fail'],26.0,0.9,['Fail'],36.0,0.5,['Pass'],30.0,0.3,['Fail'],36.0,0.5,['Pass'],38.0
1003.0,wp_2,11.0,wc_11,60.0,"{'Pass': 60, 'Fail': 40}",0.4,['Pass'],26.0,1.0,['Pass'],37.0,0.2,['Pass'],23.0,0.1,['Pass'],28.0,0.5,['Fail'],24.0,0.1,['Fail'],27.0,0.6,['Pass'],23.0,0.9,['Pass'],34.0,0.5,['Pass'],34.0,1.0,['Pass'],20.0,0.8,['Pass'],33.0,0.9,['Pass'],30.0,0.8,['Pass'],32.0,0.9,['Pass'],40.0,0.5,['Pass'],30.0,0.3,['Fail'],24.0,0.5,['Pass'],23.0
1011.0,wp_4,3.0,wc_3,59.0,"{'Pass': 15, 'Fail': 85}",0.4,['Pass'],34.0,1.0,['Fail'],27.0,0.2,['Fail'],29.0,0.1,['Pass'],24.0,0.5,['Fail'],35.0,0.1,['Fail'],28.0,0.6,['Fail'],28.0,0.9,['Fail'],23.0,0.5,['Fail'],37.0,1.0,['Fail'],34.0,0.8,['Fail'],24.0,0.9,['Fail'],36.0,0.8,['Fail'],21.0,0.9,['Fail'],38.0,0.5,['Fail'],24.0,0.3,['Fail'],25.0,0.5,['Fail'],39.0
1035.0,wp_3,2.0,wc_2,64.0,"{'Pass': 44, 'Fail': 56}",0.4,['Pass'],36.0,1.0,['Fail'],36.0,0.2,['Pass'],26.0,0.1,['Pass'],28.0,0.5,['Pass'],30.0,0.1,['Fail'],33.0,0.6,['Fail'],31.0,0.9,['Fail'],20.0,0.5,['Fail'],32.0,1.0,['Fail'],36.0,0.8,['Pass'],38.0,0.9,['Pass'],22.0,0.8,['Fail'],28.0,0.9,['Fail'],24.0,0.5,['Fail'],24.0,0.3,['Pass'],27.0,0.5,['Pass'],38.0
1053.0,wp_5,8.0,wc_8,59.0,"{'Pass': 6, 'Fail': 94}",0.4,['Fail'],32.0,1.0,['Fail'],23.0,0.2,['Fail'],40.0,0.1,['Fail'],35.0,0.5,['Fail'],39.0,0.1,['Fail'],23.0,0.6,['Fail'],20.0,0.9,['Fail'],20.0,0.5,['Fail'],29.0,1.0,['Fail'],34.0,0.8,['Fail'],33.0,0.9,['Fail'],20.0,0.8,['Fail'],22.0,0.9,['Fail'],28.0,0.5,['Fail'],36.0,0.3,['Pass'],28.0,0.5,['Fail'],37.0
1071.0,wp_1,3.0,wc_3,51.0,"{'Pass': 48, 'Fail': 52}",0.4,['Fail'],29.0,1.0,['Fail'],33.0,0.2,['Fail'],29.0,0.1,['Fail'],32.0,0.5,['Pass'],21.0,0.1,['Pass'],34.0,0.6,['Fail'],30.0,0.9,['Fail'],26.0,0.5,['Fail'],26.0,1.0,['Pass'],40.0,0.8,['Fail'],32.0,0.9,['Fail'],40.0,0.8,['Fail'],20.0,0.9,['Fail'],31.0,0.5,['Fail'],22.0,0.3,['Pass'],40.0,0.5,['Fail'],40.0
1064.0,wp_2,7.0,wc_7,72.0,"{'Pass': 45, 'Fail': 55}",0.4,['Pass'],40.0,1.0,['Fail'],34.0,0.2,['Pass'],30.0,0.1,['Pass'],35.0,0.5,['Fail'],40.0,0.1,['Pass'],29.0,0.6,['Pass'],35.0,0.9,['Fail'],32.0,0.5,['Pass'],22.0,1.0,['Fail'],32.0,0.8,['Fail'],35.0,0.9,['Fail'],35.0,0.8,['Fail'],35.0,0.9,['Fail'],35.0,0.5,['Fail'],40.0,0.3,['Pass'],33.0,0.5,['Pass'],28.0
1113.0,wp_5,8.0,wc_8,59.0,"{'Pass': 40, 'Fail': 60}",0.4,['Fail'],29.0,1.0,['Fail'],37.0,0.2,['Fail'],25.0,0.1,['Pass'],32.0,0.5,['Fail'],25.0,0.1,['Fail'],22.0,0.6,['Fail'],27.0,0.9,['Fail'],28.0,0.5,['Pass'],29.0,1.0,['Fail'],21.0,0.8,['Fail'],35.0,0.9,['Fail'],36.0,0.8,['Fail'],33.0,0.9,['Fail'],27.0,0.5,['Fail'],32.0,0.3,['Pass'],38.0,0.5,['Pass'],29.0
1100.0,wp_3,2.0,wc_2,77.0,"{'Pass': 61, 'Fail': 39}",0.4,['Pass'],39.0,1.0,['Pass'],25.0,0.2,['Fail'],24.0,0.1,['Pass'],22.0,0.5,['Fail'],23.0,0.1,['Fail'],30.0,0.6,['Fail'],22.0,0.9,['Pass'],39.0,0.5,['Fail'],38.0,1.0,['Pass'],39.0,0.8,['Pass'],34.0,0.9,['Pass'],29.0,0.8,['Pass'],31.0,0.9,['Fail'],21.0,0.5,['Fail'],34.0,0.3,['Fail'],29.0,0.5,['Pass'],33.0
1122.0,wp_4,3.0,wc_3,62.0,"{'Pass': 47, 'Fail': 53}",0.4,['Fail'],34.0,1.0,['Fail'],34.0,0.2,['Pass'],40.0,0.1,['Pass'],28.0,0.5,['Fail'],30.0,0.1,['Pass'],28.0,0.6,['Fail'],33.0,0.9,['Pass'],32.0,0.5,['Fail'],22.0,1.0,['Fail'],30.0,0.8,['Fail'],31.0,0.9,['Fail'],40.0,0.8,['Pass'],35.0,0.9,['Fail'],27.0,0.5,['Fail'],36.0,0.3,['Fail'],24.0,0.5,['Fail'],30.0
1137.0,wp_2,9.0,wc_9,60.0,"{'Pass': 49, 'Fail': 51}",0.4,['Fail'],22.0,1.0,['Pass'],20.0,0.2,['Pass'],34.0,0.1,['Pass'],20.0,0.5,['Pass'],32.0,0.1,['Pass'],30.0,0.6,['Pass'],24.0,0.9,['Fail'],24.0,0.5,['Pass'],25.0,1.0,['Fail'],38.0,0.8,['Pass'],27.0,0.9,['Fail'],37.0,0.8,['Pass'],39.0,0.9,['Fail'],36.0,0.5,['Fail'],27.0,0.3,['Pass'],23.0,0.5,['Pass'],31.0
1185.0,wp_1,3.0,wc_3,51.0,"{'Pass': 80, 'Fail': 20}",0.4,['Pass'],20.0,1.0,['Pass'],34.0,0.2,['Pass'],24.0,0.1,['Pass'],20.0,0.5,['Fail'],31.0,0.1,['Pass'],32.0,0.6,['Pass'],33.0,0.9,['Pass'],24.0,0.5,['Pass'],32.0,1.0,['Pass'],25.0,0.8,['Pass'],21.0,0.9,['Pass'],38.0,0.8,['Pass'],28.0,0.9,['Pass'],37.0,0.5,['Pass'],26.0,0.3,['Pass'],25.0,0.5,['Pass'],29.0
1173.0,wp_5,11.0,wc_11,66.0,"{'Pass': 61, 'Fail': 39}",0.4,['Fail'],29.0,1.0,['Pass'],28.0,0.2,['Fail'],34.0,0.1,['Fail'],27.0,0.5,['Pass'],30.0,0.1,['Fail'],21.0,0.6,['Pass'],29.0,0.9,['Pass'],34.0,0.5,['Fail'],29.0,1.0,['Pass'],34.0,0.8,['Pass'],37.0,0.9,['Pass'],31.0,0.8,['Pass'],39.0,0.9,['Pass'],23.0,0.5,['Pass'],34.0,0.3,['Fail'],36.0,0.5,['Fail'],24.0
1178.0,wp_3,5.0,wc_5,66.0,"{'Pass': 93, 'Fail': 7}",0.4,['Pass'],39.0,1.0,['Pass'],39.0,0.2,['Fail'],27.0,0.1,['Pass'],34.0,0.5,['Pass'],37.0,0.1,['Pass'],25.0,0.6,['Pass'],31.0,0.9,['Pass'],34.0,0.5,['Pass'],29.0,1.0,['Pass'],39.0,0.8,['Pass'],32.0,0.9,['Pass'],22.0,0.8,['Pass'],20.0,0.9,['Pass'],35.0,0.5,['Pass'],26.0,0.3,['Pass'],31.0,0.5,['Pass'],37.0
1198.0,wp_2,10.0,wc_10,51.0,"{'Pass': 50, 'Fail': 50}",0.4,['Fail'],33.0,1.0,['Pass'],32.0,0.2,['Fail'],26.0,0.1,['Pass'],38.0,0.5,['Fail'],39.0,0.1,['Fail'],26.0,0.6,['Pass'],39.0,0.9,['Pass'],36.0,0.5,['Fail'],34.0,1.0,['Pass'],33.0,0.8,['Pass'],40.0,0.9,['Pass'],26.0,0.8,['Fail'],24.0,0.9,['Pass'],23.0,0.5,['Pass'],36.0,0.3,['Fail'],38.0,0.5,['Fail'],39.0
1236.0,wp_4,3.0,wc_3,69.0,"{'Pass': 43, 'Fail': 57}",0.4,['Pass'],33.0,1.0,['Fail'],26.0,0.2,['Pass'],34.0,0.1,['Pass'],39.0,0.5,['Pass'],21.0,0.1,['Fail'],30.0,0.6,['Fail'],35.0,0.9,['Fail'],37.0,0.5,['Pass'],37.0,1.0,['Fail'],35.0,0.8,['Pass'],21.0,0.9,['Pass'],34.0,0.8,['Fail'],36.0,0.9,['Fail'],36.0,0.5,['Fail'],31.0,0.3,['Pass'],39.0,0.5,['Fail'],40.0
1240.0,wp_5,9.0,wc_9,68.0,"{'Pass': 64, 'Fail': 36}",0.4,['Pass'],29.0,1.0,['Pass'],33.0,0.2,['Pass'],33.0,0.1,['Pass'],36.0,0.5,['Pass'],35.0,0.1,['Fail'],20.0,0.6,['Pass'],28.0,0.9,['Pass'],22.0,0.5,['Pass'],38.0,1.0,['Pass'],35.0,0.8,['Pass'],33.0,0.9,['Pass'],25.0,0.8,['Pass'],36.0,0.9,['Fail'],23.0,0.5,['Pass'],27.0,0.3,['Pass'],31.0,0.5,['Pass'],33.0
1245.0,wp_1,5.0,wc_5,66.0,"{'Pass': 79, 'Fail': 21}",0.4,['Fail'],28.0,1.0,['Pass'],20.0,0.2,['Pass'],29.0,0.1,['Pass'],22.0,0.5,['Pass'],33.0,0.1,['Pass'],21.0,0.6,['Pass'],38.0,0.9,['Pass'],38.0,0.5,['Pass'],24.0,1.0,['Pass'],38.0,0.8,['Pass'],38.0,0.9,['Pass'],34.0,0.8,['Pass'],22.0,0.9,['Pass'],22.0,0.5,['Pass'],33.0,0.3,['Pass'],21.0,0.5,['Pass'],33.0
1250.0,wp_2,8.0,wc_8,65.0,"{'Pass': 26, 'Fail': 74}",0.4,['Pass'],28.0,1.0,['Fail'],34.0,0.2,['Fail'],30.0,0.1,['Fail'],22.0,0.5,['Fail'],40.0,0.1,['Fail'],32.0,0.6,['Fail'],34.0,0.9,['Fail'],38.0,0.5,['Fail'],27.0,1.0,['Fail'],28.0,0.8,['Fail'],25.0,0.9,['Fail'],33.0,0.8,['Pass'],31.0,0.9,['Fail'],22.0,0.5,['Fail'],22.0,0.3,['Pass'],22.0,0.5,['Fail'],30.0
1245.0,wp_3,6.0,wc_6,80.0,"{'Pass': 47, 'Fail': 53}",0.4,['Fail'],30.0,1.0,['Fail'],25.0,0.2,['Fail'],33.0,0.1,['Pass'],32.0,0.5,['Pass'],23.0,0.1,['Pass'],22.0,0.6,['Pass'],25.0,0.9,['Fail'],20.0,0.5,['Fail'],24.0,1.0,['Fail'],36.0,0.8,['Fail'],34.0,0.9,['Fail'],36.0,0.8,['Fail'],29.0,0.9,['Fail'],26.0,0.5,['Fail'],26.0,0.3,['Pass'],33.0,0.5,['Fail'],35.0
1309.0,wp_5,7.0,wc_7,59.0,"{'Pass': 46, 'Fail': 54}",0.4,['Pass'],37.0,1.0,['Fail'],25.0,0.2,['Pass'],36.0,0.1,['Pass'],23.0,0.5,['Pass'],25.0,0.1,['Fail'],22.0,0.6,['Fail'],33.0,0.9,['Fail'],33.0,0.5,['Fail'],26.0,1.0,['Fail'],22.0,0.8,['Fail'],21.0,0.9,['Fail'],20.0,0.8,['Pass'],33.0,0.9,['Fail'],25.0,0.5,['Fail'],29.0,0.3,['Fail'],32.0,0.5,['Fail'],39.0
1306.0,wp_4,3.0,wc_3,80.0,"{'Pass': 11, 'Fail': 89}",0.4,['Fail'],36.0,1.0,['Fail'],22.0,0.2,['Pass'],25.0,0.1,['Fail'],26.0,0.5,['Pass'],35.0,0.1,['Pass'],37.0,0.6,['Fail'],37.0,0.9,['Fail'],29.0,0.5,['Fail'],29.0,1.0,['Fail'],31.0,0.8,['Fail'],38.0,0.9,['Fail'],21.0,0.8,['Fail'],24.0,0.9,['Fail'],40.0,0.5,['Fail'],22.0,0.3,['Fail'],31.0,0.5,['Fail'],22.0
1326.0,wp_1,6.0,wc_6,66.0,"{'Pass': 34, 'Fail': 66}",0.4,['Fail'],40.0,1.0,['Fail'],24.0,0.2,['Fail'],39.0,0.1,['Pass'],32.0,0.5,['Fail'],34.0,0.1,['Fail'],34.0,0.6,['Fail'],32.0,0.9,['Fail'],31.0,0.5,['Fail'],30.0,1.0,['Fail'],29.0,0.8,['Fail'],25.0,0.9,['Fail'],36.0,0.8,['Fail'],31.0,0.9,['Fail'],25.0,0.5,['Fail'],26.0,0.3,['Pass'],37.0,0.5,['Pass'],31.0
1316.0,wp_2,10.0,wc_10,79.0,"{'Pass': 61, 'Fail': 39}",0.4,['Fail'],22.0,1.0,['Pass'],38.0,0.2,['Pass'],30.0,0.1,['Fail'],23.0,0.5,['Fail'],30.0,0.1,['Fail'],36.0,0.6,['Fail'],25.0,0.9,['Pass'],23.0,0.5,['Pass'],21.0,1.0,['Pass'],36.0,0.8,['Pass'],36.0,0.9,['Pass'],39.0,0.8,['Fail'],20.0,0.9,['Pass'],24.0,0.5,['Pass'],23.0,0.3,['Fail'],31.0,0.5,['Pass'],35.0
1369.0,wp_5,7.0,wc_7,50.0,"{'Pass': 45, 'Fail': 55}",0.4,['Fail'],31.0,1.0,['Pass'],37.0,0.2,['Pass'],28.0,0.1,['Fail'],38.0,0.5,['Pass'],22.0,0.1,['Fail'],21.0,0.6,['Fail'],36.0,0.9,['Fail'],26.0,0.5,['Pass'],36.0,1.0,['Fail'],23.0,0.8,['Fail'],28.0,0.9,['Pass'],36.0,0.8,['Fail'],24.0,0.9,['Fail'],40.0,0.5,['Pass'],40.0,0.3,['Fail'],27.0,0.5,['Pass'],39.0
1387.0,wp_4,3.0,wc_3,55.0,"{'Pass': 71, 'Fail': 29}",0.4,['Pass'],37.0,1.0,['Pass'],36.0,0.2,['Fail'],40.0,0.1,['Pass'],38.0,0.5,['Pass'],39.0,0.1,['Fail'],24.0,0.6,['Fail'],37.0,0.9,['Pass'],23.0,0.5,['Pass'],40.0,1.0,['Pass'],20.0,0.8,['Pass'],36.0,0.9,['Pass'],27.0,0.8,['Pass'],31.0,0.9,['Pass'],38.0,0.5,['Pass'],20.0,0.3,['Fail'],38.0,0.5,['Pass'],25.0
1396.0,wp_2,9.0,wc_9,59.0,"{'Pass': 70, 'Fail': 30}",0.4,['Pass'],31.0,1.0,['Pass'],36.0,0.2,['Fail'],20.0,0.1,['Fail'],20.0,0.5,['Pass'],27.0,0.1,['Fail'],38.0,0.6,['Fail'],26.0,0.9,['Pass'],25.0,0.5,['Pass'],40.0,1.0,['Pass'],32.0,0.8,['Pass'],27.0,0.9,['Pass'],34.0,0.8,['Pass'],21.0,0.9,['Pass'],22.0,0.5,['Pass'],26.0,0.3,['Pass'],28.0,0.5,['Fail'],22.0
1392.0,wp_3,6.0,wc_6,64.0,"{'Pass': 80, 'Fail': 20}",0.4,['Pass'],20.0,1.0,['Pass'],38.0,0.2,['Pass'],35.0,0.1,['Pass'],22.0,0.5,['Pass'],39.0,0.1,['Fail'],26.0,0.6,['Pass'],36.0,0.9,['Pass'],40.0,0.5,['Pass'],34.0,1.0,['Pass'],28.0,0.8,['Pass'],40.0,0.9,['Pass'],33.0,0.8,['Pass'],33.0,0.9,['Pass'],23.0,0.5,['Fail'],32.0,0.3,['Fail'],27.0,0.5,['Pass'],38.0
1420.0,wp_5,10.0,wc_10,68.0,"{'Pass': 22, 'Fail': 78}",0.4,['Pass'],30.0,1.0,['Fail'],39.0,0.2,['Fail'],36.0,0.1,['Pass'],39.0,0.5,['Fail'],25.0,0.1,['Pass'],29.0,0.6,['Fail'],23.0,0.9,['Fail'],34.0,0.5,['Pass'],36.0,1.0,['Fail'],36.0,0.8,['Fail'],31.0,0.9,['Fail'],37.0,0.8,['Fail'],26.0,0.9,['Fail'],40.0,0.5,['Fail'],40.0,0.3,['Fail'],34.0,0.5,['Fail'],22.0
1457.0,wp_1,6.0,wc_6,52.0,"{'Pass': 87, 'Fail': 13}",0.4,['Pass'],29.0,1.0,['Pass'],37.0,0.2,['Pass'],31.0,0.1,['Pass'],20.0,0.5,['Pass'],20.0,0.1,['Pass'],32.0,0.6,['Pass'],37.0,0.9,['Pass'],35.0,0.5,['Pass'],32.0,1.0,['Pass'],36.0,0.8,['Pass'],23.0,0.9,['Pass'],37.0,0.8,['Pass'],29.0,0.9,['Pass'],27.0,0.5,['Fail'],34.0,0.3,['Pass'],35.0,0.5,['Pass'],38.0
1457.0,wp_3,9.0,wc_9,57.0,"{'Pass': 3, 'Fail': 97}",0.4,['Fail'],28.0,1.0,['Fail'],35.0,0.2,['Pass'],38.0,0.1,['Fail'],33.0,0.5,['Fail'],27.0,0.1,['Fail'],30.0,0.6,['Fail'],32.0,0.9,['Fail'],30.0,0.5,['Fail'],38.0,1.0,['Fail'],29.0,0.8,['Fail'],30.0,0.9,['Fail'],32.0,0.8,['Fail'],24.0,0.9,['Fail'],38.0,0.5,['Fail'],40.0,0.3,['Pass'],32.0,0.5,['Fail'],37.0
1456.0,wp_2,8.0,wc_8,59.0,"{'Pass': 15, 'Fail': 85}",0.4,['Fail'],33.0,1.0,['Fail'],24.0,0.2,['Pass'],22.0,0.1,['Pass'],39.0,0.5,['Fail'],33.0,0.1,['Pass'],25.0,0.6,['Fail'],25.0,0.9,['Fail'],32.0,0.5,['Fail'],34.0,1.0,['Fail'],35.0,0.8,['Fail'],28.0,0.9,['Fail'],34.0,0.8,['Fail'],31.0,0.9,['Fail'],32.0,0.5,['Fail'],20.0,0.3,['Fail'],38.0,0.5,['Fail'],20.0
1443.0,wp_4,5.0,wc_5,72.0,"{'Pass': 33, 'Fail': 67}",0.4,['Fail'],21.0,1.0,['Fail'],24.0,0.2,['Fail'],20.0,0.1,['Pass'],31.0,0.5,['Fail'],33.0,0.1,['Fail'],24.0,0.6,['Fail'],28.0,0.9,['Fail'],27.0,0.5,['Pass'],40.0,1.0,['Fail'],24.0,0.8,['Fail'],28.0,0.9,['Fail'],30.0,0.8,['Fail'],32.0,0.9,['Fail'],38.0,0.5,['Pass'],30.0,0.3,['Fail'],29.0,0.5,['Fail'],25.0
1489.0,wp_5,7.0,wc_7,52.0,"{'Pass': 89, 'Fail': 11}",0.4,['Fail'],32.0,1.0,['Pass'],25.0,0.2,['Fail'],36.0,0.1,['Pass'],33.0,0.5,['Pass'],27.0,0.1,['Fail'],23.0,0.6,['Pass'],37.0,0.9,['Pass'],37.0,0.5,['Pass'],34.0,1.0,['Pass'],37.0,0.8,['Pass'],35.0,0.9,['Pass'],31.0,0.8,['Pass'],30.0,0.9,['Pass'],28.0,0.5,['Pass'],23.0,0.3,['Pass'],26.0,0.5,['Pass'],31.0
1510.0,wp_1,10.0,wc_10,67.0,"{'Pass': 11, 'Fail': 89}",0.4,['Fail'],26.0,1.0,['Fail'],21.0,0.2,['Pass'],24.0,0.1,['Pass'],26.0,0.5,['Pass'],30.0,0.1,['Pass'],25.0,0.6,['Fail'],21.0,0.9,['Fail'],26.0,0.5,['Fail'],27.0,1.0,['Fail'],31.0,0.8,['Fail'],35.0,0.9,['Fail'],40.0,0.8,['Fail'],37.0,0.9,['Fail'],25.0,0.5,['Fail'],26.0,0.3,['Fail'],35.0,0.5,['Fail'],27.0
1516.0,wp_2,8.0,wc_8,65.0,"{'Pass': 9, 'Fail': 91}",0.4,['Fail'],22.0,1.0,['Fail'],27.0,0.2,['Fail'],34.0,0.1,['Fail'],26.0,0.5,['Fail'],33.0,0.1,['Fail'],31.0,0.6,['Fail'],32.0,0.9,['Fail'],30.0,0.5,['Fail'],24.0,1.0,['Fail'],25.0,0.8,['Fail'],29.0,0.9,['Fail'],33.0,0.8,['Fail'],29.0,0.9,['Fail'],37.0,0.5,['Fail'],28.0,0.3,['Pass'],31.0,0.5,['Fail'],26.0
1515.0,wp_3,11.0,wc_11,69.0,"{'Pass': 59, 'Fail': 41}",0.4,['Fail'],35.0,1.0,['Pass'],25.0,0.2,['Fail'],22.0,0.1,['Fail'],36.0,0.5,['Fail'],25.0,0.1,['Fail'],32.0,0.6,['Fail'],21.0,0.9,['Pass'],38.0,0.5,['Fail'],36.0,1.0,['Fail'],31.0,0.8,['Pass'],29.0,0.9,['Pass'],40.0,0.8,['Fail'],31.0,0.9,['Pass'],28.0,0.5,['Fail'],20.0,0.3,['Pass'],22.0,0.5,['Fail'],37.0
1516.0,wp_4,5.0,wc_5,75.0,"{'Pass': 13, 'Fail': 87}",0.4,['Fail'],32.0,1.0,['Fail'],27.0,0.2,['Fail'],33.0,0.1,['Pass'],31.0,0.5,['Fail'],22.0,0.1,['Fail'],39.0,0.6,['Fail'],30.0,0.9,['Fail'],26.0,0.5,['Pass'],32.0,1.0,['Fail'],32.0,0.8,['Fail'],25.0,0.9,['Fail'],25.0,0.8,['Fail'],30.0,0.9,['Fail'],26.0,0.5,['Pass'],24.0,0.3,['Fail'],27.0,0.5,['Fail'],40.0
1585.0,wp_3,8.0,wc_8,57.0,"{'Pass': 31, 'Fail': 69}",0.4,['Pass'],40.0,1.0,['Fail'],33.0,0.2,['Fail'],40.0,0.1,['Fail'],36.0,0.5,['Fail'],35.0,0.1,['Pass'],22.0,0.6,['Fail'],22.0,0.9,['Fail'],20.0,0.5,['Fail'],29.0,1.0,['Fail'],21.0,0.8,['Fail'],27.0,0.9,['Fail'],35.0,0.8,['Pass'],40.0,0.9,['Pass'],35.0,0.5,['Fail'],21.0,0.3,['Fail'],22.0,0.5,['Fail'],37.0
1582.0,wp_2,7.0,wc_7,68.0,"{'Pass': 98, 'Fail': 2}",0.4,['Pass'],34.0,1.0,['Pass'],29.0,0.2,['Fail'],35.0,0.1,['Fail'],21.0,0.5,['Pass'],34.0,0.1,['Pass'],40.0,0.6,['Pass'],34.0,0.9,['Pass'],30.0,0.5,['Pass'],28.0,1.0,['Pass'],20.0,0.8,['Pass'],37.0,0.9,['Pass'],27.0,0.8,['Pass'],32.0,0.9,['Pass'],20.0,0.5,['Pass'],24.0,0.3,['Pass'],39.0,0.5,['Pass'],34.0
1592.0,wp_4,5.0,wc_5,58.0,"{'Pass': 79, 'Fail': 21}",0.4,['Fail'],38.0,1.0,['Pass'],20.0,0.2,['Pass'],22.0,0.1,['Pass'],29.0,0.5,['Pass'],39.0,0.1,['Fail'],30.0,0.6,['Pass'],38.0,0.9,['Pass'],29.0,0.5,['Fail'],23.0,1.0,['Pass'],26.0,0.8,['Pass'],24.0,0.9,['Pass'],36.0,0.8,['Pass'],23.0,0.9,['Pass'],20.0,0.5,['Fail'],22.0,0.3,['Pass'],31.0,0.5,['Pass'],31.0
1577.0,wp_5,10.0,wc_10,75.0,"{'Pass': 17, 'Fail': 83}",0.4,['Fail'],27.0,1.0,['Fail'],26.0,0.2,['Fail'],38.0,0.1,['Pass'],31.0,0.5,['Fail'],39.0,0.1,['Fail'],24.0,0.6,['Fail'],21.0,0.9,['Fail'],35.0,0.5,['Pass'],35.0,1.0,['Fail'],36.0,0.8,['Fail'],28.0,0.9,['Fail'],39.0,0.8,['Fail'],38.0,0.9,['Fail'],34.0,0.5,['Fail'],39.0,0.3,['Fail'],30.0,0.5,['Fail'],31.0
1578.0,wp_1,9.0,wc_9,78.0,"{'Pass': 61, 'Fail': 39}",0.4,['Fail'],39.0,1.0,['Pass'],36.0,0.2,['Pass'],36.0,0.1,['Pass'],31.0,0.5,['Fail'],29.0,0.1,['Fail'],40.0,0.6,['Pass'],39.0,0.9,['Pass'],34.0,0.5,['Fail'],29.0,1.0,['Pass'],26.0,0.8,['Pass'],29.0,0.9,['Pass'],38.0,0.8,['Pass'],26.0,0.9,['Pass'],25.0,0.5,['Fail'],29.0,0.3,['Fail'],37.0,0.5,['Pass'],35.0
1643.0,wp_3,8.0,wc_8,57.0,"{'Pass': 7, 'Fail': 93}",0.4,['Fail'],23.0,1.0,['Fail'],34.0,0.2,['Fail'],34.0,0.1,['Fail'],30.0,0.5,['Fail'],34.0,0.1,['Fail'],32.0,0.6,['Fail'],24.0,0.9,['Fail'],31.0,0.5,['Fail'],36.0,1.0,['Fail'],32.0,0.8,['Fail'],31.0,0.9,['Fail'],28.0,0.8,['Fail'],21.0,0.9,['Fail'],24.0,0.5,['Fail'],35.0,0.3,['Pass'],31.0,0.5,['Fail'],26.0
1657.0,wp_1,7.0,wc_7,63.0,"{'Pass': 60, 'Fail': 40}",0.4,['Fail'],31.0,1.0,['Pass'],39.0,0.2,['Fail'],23.0,0.1,['Pass'],29.0,0.5,['Pass'],39.0,0.1,['Fail'],31.0,0.6,['Fail'],24.0,0.9,['Pass'],33.0,0.5,['Pass'],37.0,1.0,['Pass'],29.0,0.8,['Pass'],26.0,0.9,['Pass'],24.0,0.8,['Pass'],40.0,0.9,['Pass'],32.0,0.5,['Fail'],33.0,0.3,['Pass'],33.0,0.5,['Pass'],29.0
1651.0,wp_4,6.0,wc_6,69.0,"{'Pass': 15, 'Fail': 85}",0.4,['Fail'],39.0,1.0,['Fail'],31.0,0.2,['Fail'],36.0,0.1,['Fail'],23.0,0.5,['Fail'],23.0,0.1,['Fail'],34.0,0.6,['Fail'],28.0,0.9,['Fail'],28.0,0.5,['Fail'],27.0,1.0,['Fail'],40.0,0.8,['Fail'],22.0,0.9,['Fail'],20.0,0.8,['Fail'],23.0,0.9,['Fail'],22.0,0.5,['Fail'],34.0,0.3,['Fail'],32.0,0.5,['Fail'],20.0
1653.0,wp_5,10.0,wc_10,70.0,"{'Pass': 87, 'Fail': 13}",0.4,['Fail'],35.0,1.0,['Pass'],20.0,0.2,['Pass'],31.0,0.1,['Pass'],27.0,0.5,['Pass'],39.0,0.1,['Fail'],38.0,0.6,['Pass'],37.0,0.9,['Pass'],38.0,0.5,['Pass'],28.0,1.0,['Pass'],35.0,0.8,['Pass'],27.0,0.9,['Pass'],30.0,0.8,['Pass'],38.0,0.9,['Pass'],40.0,0.5,['Pass'],26.0,0.3,['Pass'],25.0,0.5,['Pass'],21.0
1701.0,wp_3,9.0,wc_9,50.0,"{'Pass': 59, 'Fail': 41}",0.4,['Pass'],30.0,1.0,['Pass'],35.0,0.2,['Fail'],26.0,0.1,['Fail'],35.0,0.5,['Pass'],31.0,0.1,['Fail'],28.0,0.6,['Pass'],25.0,0.9,['Pass'],21.0,0.5,['Pass'],37.0,1.0,['Pass'],36.0,0.8,['Pass'],21.0,0.9,['Fail'],38.0,0.8,['Pass'],36.0,0.9,['Pass'],35.0,0.5,['Fail'],37.0,0.3,['Pass'],22.0,0.5,['Fail'],35.0
1701.0,wp_2,8.0,wc_8,55.0,"{'Pass': 29, 'Fail': 71}",0.4,['Fail'],30.0,1.0,['Fail'],29.0,0.2,['Fail'],37.0,0.1,['Pass'],20.0,0.5,['Fail'],25.0,0.1,['Pass'],37.0,0.6,['Fail'],31.0,0.9,['Fail'],36.0,0.5,['Fail'],28.0,1.0,['Fail'],40.0,0.8,['Fail'],34.0,0.9,['Fail'],33.0,0.8,['Fail'],25.0,0.9,['Fail'],31.0,0.5,['Pass'],28.0,0.3,['Fail'],40.0,0.5,['Fail'],24.0
1721.0,wp_4,6.0,wc_6,55.0,"{'Pass': 27, 'Fail': 73}",0.4,['Fail'],31.0,1.0,['Fail'],36.0,0.2,['Pass'],32.0,0.1,['Pass'],32.0,0.5,['Fail'],20.0,0.1,['Pass'],32.0,0.6,['Fail'],34.0,0.9,['Fail'],32.0,0.5,['Fail'],33.0,1.0,['Fail'],38.0,0.8,['Pass'],36.0,0.9,['Fail'],26.0,0.8,['Fail'],20.0,0.9,['Fail'],38.0,0.5,['Fail'],23.0,0.3,['Fail'],30.0,0.5,['Fail'],29.0
1721.0,wp_1,11.0,wc_11,68.0,"{'Pass': 22, 'Fail': 78}",0.4,['Pass'],23.0,1.0,['Fail'],31.0,0.2,['Pass'],31.0,0.1,['Pass'],35.0,0.5,['Pass'],36.0,0.1,['Fail'],28.0,0.6,['Fail'],36.0,0.9,['Fail'],20.0,0.5,['Fail'],29.0,1.0,['Fail'],37.0,0.8,['Fail'],31.0,0.9,['Fail'],25.0,0.8,['Fail'],25.0,0.9,['Fail'],35.0,0.5,['Pass'],35.0,0.3,['Fail'],34.0,0.5,['Pass'],35.0
1756.0,wp_5,8.0,wc_8,56.0,"{'Pass': 28, 'Fail': 72}",0.4,['Fail'],22.0,1.0,['Fail'],39.0,0.2,['Pass'],40.0,0.1,['Pass'],28.0,0.5,['Pass'],33.0,0.1,['Fail'],32.0,0.6,['Fail'],31.0,0.9,['Fail'],30.0,0.5,['Pass'],37.0,1.0,['Fail'],36.0,0.8,['Fail'],21.0,0.9,['Fail'],29.0,0.8,['Fail'],21.0,0.9,['Fail'],24.0,0.5,['Fail'],34.0,0.3,['Pass'],26.0,0.5,['Pass'],35.0
1752.0,wp_3,10.0,wc_10,78.0,"{'Pass': 8, 'Fail': 92}",0.4,['Pass'],29.0,1.0,['Fail'],28.0,0.2,['Fail'],23.0,0.1,['Fail'],35.0,0.5,['Fail'],21.0,0.1,['Pass'],21.0,0.6,['Fail'],39.0,0.9,['Fail'],21.0,0.5,['Fail'],26.0,1.0,['Fail'],21.0,0.8,['Fail'],38.0,0.9,['Fail'],29.0,0.8,['Fail'],24.0,0.9,['Fail'],40.0,0.5,['Fail'],23.0,0.3,['Pass'],26.0,0.5,['Fail'],39.0
1777.0,wp_4,6.0,wc_6,67.0,"{'Pass': 73, 'Fail': 27}",0.4,['Fail'],24.0,1.0,['Pass'],26.0,0.2,['Fail'],37.0,0.1,['Pass'],35.0,0.5,['Pass'],21.0,0.1,['Fail'],26.0,0.6,['Pass'],30.0,0.9,['Pass'],20.0,0.5,['Pass'],33.0,1.0,['Pass'],33.0,0.8,['Pass'],24.0,0.9,['Pass'],22.0,0.8,['Pass'],22.0,0.9,['Pass'],39.0,0.5,['Pass'],33.0,0.3,['Fail'],20.0,0.5,['Fail'],36.0
1790.0,wp_1,11.0,wc_11,55.0,"{'Pass': 78, 'Fail': 22}",0.4,['Fail'],27.0,1.0,['Pass'],30.0,0.2,['Pass'],27.0,0.1,['Fail'],25.0,0.5,['Pass'],36.0,0.1,['Fail'],32.0,0.6,['Pass'],30.0,0.9,['Pass'],23.0,0.5,['Fail'],27.0,1.0,['Pass'],37.0,0.8,['Pass'],20.0,0.9,['Pass'],29.0,0.8,['Pass'],24.0,0.9,['Pass'],38.0,0.5,['Fail'],38.0,0.3,['Fail'],20.0,0.5,['Pass'],30.0
1813.0,wp_2,8.0,wc_8,52.0,"{'Pass': 32, 'Fail': 68}",0.4,['Pass'],27.0,1.0,['Fail'],37.0,0.2,['Pass'],24.0,0.1,['Pass'],26.0,0.5,['Fail'],37.0,0.1,['Pass'],37.0,0.6,['Pass'],39.0,0.9,['Fail'],22.0,0.5,['Fail'],36.0,1.0,['Fail'],40.0,0.8,['Fail'],21.0,0.9,['Pass'],32.0,0.8,['Fail'],23.0,0.9,['Fail'],32.0,0.5,['Fail'],37.0,0.3,['Fail'],33.0,0.5,['Pass'],30.0
1831.0,wp_3,10.0,wc_10,61.0,"{'Pass': 63, 'Fail': 37}",0.4,['Pass'],37.0,1.0,['Pass'],26.0,0.2,['Fail'],29.0,0.1,['Fail'],34.0,0.5,['Pass'],20.0,0.1,['Fail'],35.0,0.6,['Pass'],29.0,0.9,['Pass'],37.0,0.5,['Pass'],23.0,1.0,['Pass'],33.0,0.8,['Pass'],23.0,0.9,['Pass'],29.0,0.8,['Pass'],30.0,0.9,['Pass'],25.0,0.5,['Pass'],37.0,0.3,['Pass'],26.0,0.5,['Fail'],22.0
1845.0,wp_4,9.0,wc_9,55.0,"{'Pass': 22, 'Fail': 78}",0.4,['Fail'],24.0,1.0,['Fail'],31.0,0.2,['Pass'],23.0,0.1,['Pass'],38.0,0.5,['Fail'],20.0,0.1,['Pass'],40.0,0.6,['Pass'],27.0,0.9,['Fail'],34.0,0.5,['Pass'],35.0,1.0,['Fail'],29.0,0.8,['Fail'],36.0,0.9,['Fail'],24.0,0.8,['Fail'],36.0,0.9,['Fail'],20.0,0.5,['Fail'],24.0,0.3,['Pass'],26.0,0.5,['Fail'],30.0
1865.0,wp_5,8.0,wc_8,61.0,"{'Pass': 3, 'Fail': 97}",0.4,['Fail'],35.0,1.0,['Fail'],32.0,0.2,['Fail'],35.0,0.1,['Fail'],27.0,0.5,['Fail'],22.0,0.1,['Pass'],34.0,0.6,['Fail'],21.0,0.9,['Fail'],27.0,0.5,['Fail'],38.0,1.0,['Fail'],35.0,0.8,['Fail'],39.0,0.9,['Fail'],32.0,0.8,['Fail'],31.0,0.9,['Fail'],32.0,0.5,['Fail'],28.0,0.3,['Fail'],21.0,0.5,['Fail'],36.0
1893.0,wp_3,7.0,wc_7,55.0,"{'Pass': 79, 'Fail': 21}",0.4,['Pass'],35.0,1.0,['Pass'],30.0,0.2,['Pass'],38.0,0.1,['Fail'],33.0,0.5,['Pass'],31.0,0.1,['Fail'],20.0,0.6,['Pass'],28.0,0.9,['Pass'],36.0,0.5,['Pass'],30.0,1.0,['Pass'],34.0,0.8,['Pass'],35.0,0.9,['Pass'],40.0,0.8,['Pass'],26.0,0.9,['Pass'],29.0,0.5,['Pass'],30.0,0.3,['Pass'],27.0,0.5,['Fail'],34.0
1901.0,wp_4,11.0,wc_11,52.0,"{'Pass': 76, 'Fail': 24}",0.4,['Pass'],38.0,1.0,['Pass'],40.0,0.2,['Pass'],28.0,0.1,['Fail'],26.0,0.5,['Pass'],21.0,0.1,['Pass'],28.0,0.6,['Fail'],24.0,0.9,['Pass'],24.0,0.5,['Pass'],37.0,1.0,['Pass'],38.0,0.8,['Pass'],28.0,0.9,['Pass'],38.0,0.8,['Pass'],28.0,0.9,['Pass'],33.0,0.5,['Pass'],26.0,0.3,['Pass'],34.0,0.5,['Fail'],35.0
1893.0,wp_1,10.0,wc_10,70.0,"{'Pass': 90, 'Fail': 10}",0.4,['Fail'],22.0,1.0,['Pass'],21.0,0.2,['Fail'],39.0,0.1,['Fail'],38.0,0.5,['Fail'],23.0,0.1,['Pass'],28.0,0.6,['Pass'],29.0,0.9,['Pass'],21.0,0.5,['Fail'],37.0,1.0,['Pass'],27.0,0.8,['Pass'],30.0,0.9,['Pass'],20.0,0.8,['Pass'],33.0,0.9,['Pass'],35.0,0.5,['Pass'],23.0,0.3,['Pass'],36.0,0.5,['Pass'],33.0
1927.0,wp_2,8.0,wc_8,67.0,"{'Pass': 28, 'Fail': 72}",0.4,['Fail'],25.0,1.0,['Fail'],29.0,0.2,['Fail'],32.0,0.1,['Pass'],25.0,0.5,['Fail'],28.0,0.1,['Pass'],38.0,0.6,['Fail'],22.0,0.9,['Fail'],22.0,0.5,['Fail'],32.0,1.0,['Fail'],35.0,0.8,['Fail'],31.0,0.9,['Fail'],34.0,0.8,['Fail'],20.0,0.9,['Fail'],35.0,0.5,['Pass'],38.0,0.3,['Fail'],40.0,0.5,['Fail'],29.0
1954.0,wp_4,7.0,wc_7,73.0,"{'Pass': 8, 'Fail': 92}",0.4,['Fail'],40.0,1.0,['Fail'],36.0,0.2,['Fail'],30.0,0.1,['Pass'],33.0,0.5,['Fail'],33.0,0.1,['Fail'],34.0,0.6,['Fail'],32.0,0.9,['Fail'],25.0,0.5,['Pass'],22.0,1.0,['Fail'],25.0,0.8,['Fail'],30.0,0.9,['Fail'],26.0,0.8,['Fail'],27.0,0.9,['Fail'],32.0,0.5,['Fail'],20.0,0.3,['Pass'],33.0,0.5,['Fail'],31.0
1994.0,wp_3,8.0,wc_8,76.0,"{'Pass': 58, 'Fail': 42}",0.4,['Fail'],21.0,1.0,['Pass'],27.0,0.2,['Pass'],35.0,0.1,['Fail'],31.0,0.5,['Fail'],40.0,0.1,['Fail'],36.0,0.6,['Pass'],40.0,0.9,['Pass'],38.0,0.5,['Fail'],24.0,1.0,['Pass'],22.0,0.8,['Pass'],28.0,0.9,['Pass'],38.0,0.8,['Fail'],37.0,0.9,['Pass'],29.0,0.5,['Pass'],38.0,0.3,['Pass'],35.0,0.5,['Pass'],39.0
2028.0,wp_4,10.0,wc_10,53.0,"{'Pass': 16, 'Fail': 84}",0.4,['Pass'],32.0,1.0,['Fail'],23.0,0.2,['Fail'],20.0,0.1,['Fail'],34.0,0.5,['Fail'],27.0,0.1,['Pass'],24.0,0.6,['Fail'],27.0,0.9,['Fail'],35.0,0.5,['Fail'],31.0,1.0,['Fail'],34.0,0.8,['Fail'],21.0,0.9,['Fail'],25.0,0.8,['Fail'],21.0,0.9,['Fail'],28.0,0.5,['Fail'],25.0,0.3,['Pass'],21.0,0.5,['Pass'],22.0
2070.0,wp_5,8.0,wc_8,62.0,"{'Pass': 39, 'Fail': 61}",0.4,['Fail'],22.0,1.0,['Fail'],23.0,0.2,['Pass'],26.0,0.1,['Pass'],39.0,0.5,['Fail'],26.0,0.1,['Pass'],25.0,0.6,['Fail'],23.0,0.9,['Fail'],30.0,0.5,['Fail'],23.0,1.0,['Pass'],40.0,0.8,['Fail'],26.0,0.9,['Fail'],28.0,0.8,['Fail'],27.0,0.9,['Fail'],27.0,0.5,['Pass'],35.0,0.3,['Fail'],22.0,0.5,['Fail'],35.0
2071.0,wp_3,12.0,wc_12,67.0,"{'Pass': 31, 'Fail': 69}",0.4,['Fail'],33.0,1.0,['Fail'],33.0,0.2,['Fail'],27.0,0.1,['Pass'],40.0,0.5,['Fail'],26.0,0.1,['Pass'],28.0,0.6,['Fail'],33.0,0.9,['Fail'],22.0,0.5,['Fail'],36.0,1.0,['Fail'],33.0,0.8,['Fail'],36.0,0.9,['Fail'],30.0,0.8,['Pass'],27.0,0.9,['Fail'],29.0,0.5,['Fail'],29.0,0.3,['Pass'],38.0,0.5,['Fail'],22.0
2082.0,wp_4,9.0,wc_9,66.0,"{'Pass': 49, 'Fail': 51}",0.4,['Pass'],21.0,1.0,['Fail'],23.0,0.2,['Pass'],33.0,0.1,['Pass'],25.0,0.5,['Pass'],39.0,0.1,['Fail'],21.0,0.6,['Fail'],28.0,0.9,['Fail'],25.0,0.5,['Pass'],33.0,1.0,['Pass'],28.0,0.8,['Fail'],31.0,0.9,['Fail'],22.0,0.8,['Fail'],38.0,0.9,['Fail'],26.0,0.5,['Fail'],38.0,0.3,['Pass'],22.0,0.5,['Pass'],28.0
2149.0,wp_4,10.0,wc_10,52.0,"{'Pass': 85, 'Fail': 15}",0.4,['Pass'],26.0,1.0,['Pass'],34.0,0.2,['Pass'],39.0,0.1,['Fail'],34.0,0.5,['Pass'],38.0,0.1,['Fail'],39.0,0.6,['Pass'],27.0,0.9,['Pass'],26.0,0.5,['Pass'],20.0,1.0,['Pass'],29.0,0.8,['Pass'],38.0,0.9,['Pass'],27.0,0.8,['Pass'],34.0,0.9,['Pass'],36.0,0.5,['Pass'],36.0,0.3,['Pass'],21.0,0.5,['Pass'],35.0
2139.0,wp_3,12.0,wc_12,71.0,"{'Pass': 16, 'Fail': 84}",0.4,['Fail'],32.0,1.0,['Fail'],34.0,0.2,['Fail'],39.0,0.1,['Fail'],36.0,0.5,['Pass'],25.0,0.1,['Pass'],23.0,0.6,['Fail'],35.0,0.9,['Fail'],34.0,0.5,['Fail'],35.0,1.0,['Fail'],33.0,0.8,['Fail'],37.0,0.9,['Fail'],38.0,0.8,['Fail'],31.0,0.9,['Fail'],22.0,0.5,['Pass'],37.0,0.3,['Pass'],31.0,0.5,['Fail'],27.0
2133.0,wp_1,8.0,wc_8,78.0,"{'Pass': 13, 'Fail': 87}",0.4,['Fail'],28.0,1.0,['Fail'],34.0,0.2,['Fail'],34.0,0.1,['Pass'],36.0,0.5,['Fail'],37.0,0.1,['Pass'],30.0,0.6,['Fail'],39.0,0.9,['Fail'],30.0,0.5,['Fail'],39.0,1.0,['Fail'],33.0,0.8,['Fail'],32.0,0.9,['Fail'],25.0,0.8,['Fail'],34.0,0.9,['Fail'],31.0,0.5,['Fail'],26.0,0.3,['Pass'],21.0,0.5,['Fail'],27.0
2202.0,wp_4,9.0,wc_9,68.0,"{'Pass': 15, 'Fail': 85}",0.4,['Fail'],35.0,1.0,['Fail'],24.0,0.2,['Pass'],33.0,0.1,['Fail'],34.0,0.5,['Fail'],38.0,0.1,['Fail'],30.0,0.6,['Fail'],22.0,0.9,['Fail'],28.0,0.5,['Pass'],39.0,1.0,['Fail'],35.0,0.8,['Fail'],35.0,0.9,['Fail'],25.0,0.8,['Fail'],28.0,0.9,['Fail'],22.0,0.5,['Pass'],22.0,0.3,['Pass'],40.0,0.5,['Fail'],20.0
2211.0,wp_3,12.0,wc_12,65.0,"{'Pass': 0, 'Fail': 100}",0.4,['Fail'],38.0,1.0,['Fail'],38.0,0.2,['Pass'],28.0,0.1,['Pass'],25.0,0.5,['Fail'],29.0,0.1,['Pass'],27.0,0.6,['Fail'],23.0,0.9,['Fail'],34.0,0.5,['Fail'],21.0,1.0,['Fail'],31.0,0.8,['Fail'],25.0,0.9,['Fail'],20.0,0.8,['Fail'],27.0,0.9,['Fail'],24.0,0.5,['Fail'],27.0,0.3,['Fail'],28.0,0.5,['Fail'],39.0
2211.0,wp_2,8.0,wc_8,68.0,"{'Pass': 58, 'Fail': 42}",0.4,['Pass'],38.0,1.0,['Pass'],25.0,0.2,['Fail'],22.0,0.1,['Pass'],20.0,0.5,['Fail'],28.0,0.1,['Pass'],31.0,0.6,['Pass'],23.0,0.9,['Pass'],30.0,0.5,['Pass'],40.0,1.0,['Pass'],39.0,0.8,['Pass'],25.0,0.9,['Pass'],28.0,0.8,['Pass'],29.0,0.9,['Pass'],23.0,0.5,['Pass'],22.0,0.3,['Fail'],37.0,0.5,['Fail'],32.0
2277.0,wp_3,12.0,wc_12,50.0,"{'Pass': 30, 'Fail': 70}",0.4,['Pass'],24.0,1.0,['Fail'],20.0,0.2,['Pass'],22.0,0.1,['Pass'],34.0,0.5,['Fail'],27.0,0.1,['Pass'],23.0,0.6,['Pass'],20.0,0.9,['Fail'],30.0,0.5,['Fail'],40.0,1.0,['Fail'],36.0,0.8,['Fail'],35.0,0.9,['Fail'],29.0,0.8,['Pass'],24.0,0.9,['Fail'],25.0,0.5,['Fail'],21.0,0.3,['Pass'],33.0,0.5,['Fail'],21.0
2279.0,wp_5,8.0,wc_8,59.0,"{'Pass': 51, 'Fail': 49}",0.4,['Fail'],25.0,1.0,['Pass'],36.0,0.2,['Pass'],39.0,0.1,['Fail'],36.0,0.5,['Fail'],31.0,0.1,['Fail'],39.0,0.6,['Pass'],38.0,0.9,['Pass'],38.0,0.5,['Fail'],35.0,1.0,['Fail'],29.0,0.8,['Pass'],34.0,0.9,['Pass'],27.0,0.8,['Pass'],23.0,0.9,['Fail'],34.0,0.5,['Pass'],27.0,0.3,['Pass'],37.0,0.5,['Fail'],20.0
2271.0,wp_4,9.0,wc_9,76.0,"{'Pass': 81, 'Fail': 19}",0.4,['Fail'],38.0,1.0,['Pass'],39.0,0.2,['Pass'],39.0,0.1,['Pass'],26.0,0.5,['Fail'],21.0,0.1,['Fail'],38.0,0.6,['Pass'],33.0,0.9,['Pass'],28.0,0.5,['Pass'],21.0,1.0,['Pass'],40.0,0.8,['Pass'],23.0,0.9,['Pass'],35.0,0.8,['Pass'],29.0,0.9,['Pass'],24.0,0.5,['Pass'],23.0,0.3,['Pass'],31.0,0.5,['Pass'],27.0
2339.0,wp_1,8.0,wc_8,52.0,"{'Pass': 20, 'Fail': 80}",0.4,['Fail'],25.0,1.0,['Fail'],25.0,0.2,['Pass'],22.0,0.1,['Pass'],20.0,0.5,['Fail'],21.0,0.1,['Fail'],25.0,0.6,['Fail'],28.0,0.9,['Fail'],21.0,0.5,['Pass'],36.0,1.0,['Fail'],39.0,0.8,['Fail'],22.0,0.9,['Fail'],30.0,0.8,['Fail'],36.0,0.9,['Fail'],31.0,0.5,['Pass'],40.0,0.3,['Fail'],32.0,0.5,['Fail'],21.0
2328.0,wp_2,12.0,wc_12,75.0,"{'Pass': 1, 'Fail': 99}",0.4,['Fail'],23.0,1.0,['Fail'],24.0,0.2,['Fail'],38.0,0.1,['Pass'],29.0,0.5,['Fail'],21.0,0.1,['Fail'],20.0,0.6,['Fail'],24.0,0.9,['Fail'],34.0,0.5,['Fail'],39.0,1.0,['Fail'],33.0,0.8,['Fail'],24.0,0.9,['Fail'],30.0,0.8,['Fail'],40.0,0.9,['Fail'],32.0,0.5,['Pass'],29.0,0.3,['Fail'],24.0,0.5,['Fail'],38.0
2348.0,wp_4,7.0,wc_7,79.0,"{'Pass': 26, 'Fail': 74}",0.4,['Fail'],21.0,1.0,['Fail'],30.0,0.2,['Fail'],35.0,0.1,['Pass'],23.0,0.5,['Fail'],24.0,0.1,['Pass'],20.0,0.6,['Fail'],31.0,0.9,['Fail'],36.0,0.5,['Fail'],20.0,1.0,['Fail'],33.0,0.8,['Fail'],34.0,0.9,['Fail'],37.0,0.8,['Fail'],21.0,0.9,['Fail'],34.0,0.5,['Fail'],37.0,0.3,['Pass'],39.0,0.5,['Fail'],32.0
2403.0,wp_3,12.0,wc_12,56.0,"{'Pass': 68, 'Fail': 32}",0.4,['Fail'],25.0,1.0,['Pass'],28.0,0.2,['Fail'],37.0,0.1,['Pass'],34.0,0.5,['Pass'],31.0,0.1,['Pass'],29.0,0.6,['Pass'],33.0,0.9,['Pass'],27.0,0.5,['Fail'],29.0,1.0,['Pass'],31.0,0.8,['Pass'],38.0,0.9,['Pass'],23.0,0.8,['Pass'],22.0,0.9,['Pass'],31.0,0.5,['Pass'],26.0,0.3,['Pass'],31.0,0.5,['Fail'],31.0
2392.0,wp_1,8.0,wc_8,80.0,"{'Pass': 11, 'Fail': 89}",0.4,['Fail'],24.0,1.0,['Fail'],34.0,0.2,['Fail'],29.0,0.1,['Pass'],31.0,0.5,['Fail'],23.0,0.1,['Fail'],21.0,0.6,['Fail'],39.0,0.9,['Fail'],31.0,0.5,['Fail'],36.0,1.0,['Fail'],40.0,0.8,['Fail'],22.0,0.9,['Fail'],40.0,0.8,['Fail'],34.0,0.9,['Fail'],24.0,0.5,['Fail'],27.0,0.3,['Pass'],28.0,0.5,['Fail'],21.0
2428.0,wp_4,7.0,wc_7,60.0,"{'Pass': 30, 'Fail': 70}",0.4,['Fail'],27.0,1.0,['Fail'],28.0,0.2,['Pass'],29.0,0.1,['Pass'],38.0,0.5,['Fail'],40.0,0.1,['Fail'],33.0,0.6,['Fail'],40.0,0.9,['Fail'],25.0,0.5,['Pass'],20.0,1.0,['Fail'],40.0,0.8,['Fail'],37.0,0.9,['Fail'],30.0,0.8,['Fail'],24.0,0.9,['Fail'],20.0,0.5,['Fail'],30.0,0.3,['Pass'],39.0,0.5,['Fail'],21.0
2459.0,wp_5,12.0,wc_12,60.0,"{'Pass': 80, 'Fail': 20}",0.4,['Fail'],36.0,1.0,['Pass'],38.0,0.2,['Pass'],39.0,0.1,['Fail'],21.0,0.5,['Pass'],34.0,0.1,['Pass'],24.0,0.6,['Pass'],27.0,0.9,['Pass'],40.0,0.5,['Fail'],34.0,1.0,['Pass'],40.0,0.8,['Pass'],29.0,0.9,['Pass'],21.0,0.8,['Pass'],29.0,0.9,['Pass'],38.0,0.5,['Fail'],37.0,0.3,['Pass'],22.0,0.5,['Pass'],27.0
2460.0,wp_3,13.0,wc_13,73.0,"{'Pass': 35, 'Fail': 65}",0.4,['Pass'],40.0,1.0,['Fail'],31.0,0.2,['Pass'],33.0,0.1,['Pass'],28.0,0.5,['Pass'],32.0,0.1,['Pass'],29.0,0.6,['Pass'],36.0,0.9,['Fail'],23.0,0.5,['Fail'],36.0,1.0,['Fail'],30.0,0.8,['Fail'],25.0,0.9,['Fail'],30.0,0.8,['Fail'],27.0,0.9,['Fail'],22.0,0.5,['Fail'],33.0,0.3,['Pass'],40.0,0.5,['Fail'],31.0
2473.0,wp_1,8.0,wc_8,65.0,"{'Pass': 18, 'Fail': 82}",0.4,['Fail'],38.0,1.0,['Fail'],24.0,0.2,['Fail'],28.0,0.1,['Pass'],37.0,0.5,['Fail'],26.0,0.1,['Pass'],24.0,0.6,['Fail'],36.0,0.9,['Fail'],21.0,0.5,['Fail'],22.0,1.0,['Fail'],32.0,0.8,['Fail'],22.0,0.9,['Fail'],40.0,0.8,['Fail'],33.0,0.9,['Fail'],20.0,0.5,['Fail'],35.0,0.3,['Pass'],23.0,0.5,['Pass'],23.0
2489.0,wp_4,7.0,wc_7,79.0,"{'Pass': 27, 'Fail': 73}",0.4,['Fail'],36.0,1.0,['Fail'],39.0,0.2,['Fail'],25.0,0.1,['Fail'],28.0,0.5,['Fail'],38.0,0.1,['Pass'],36.0,0.6,['Fail'],21.0,0.9,['Fail'],38.0,0.5,['Pass'],25.0,1.0,['Fail'],34.0,0.8,['Fail'],35.0,0.9,['Fail'],30.0,0.8,['Fail'],28.0,0.9,['Fail'],27.0,0.5,['Fail'],38.0,0.3,['Fail'],22.0,0.5,['Pass'],38.0
2533.0,wp_5,13.0,wc_13,51.0,"{'Pass': 88, 'Fail': 12}",0.4,['Pass'],31.0,1.0,['Pass'],28.0,0.2,['Pass'],29.0,0.1,['Pass'],38.0,0.5,['Pass'],31.0,0.1,['Fail'],28.0,0.6,['Pass'],25.0,0.9,['Pass'],31.0,0.5,['Pass'],22.0,1.0,['Pass'],30.0,0.8,['Pass'],40.0,0.9,['Pass'],38.0,0.8,['Pass'],30.0,0.9,['Pass'],27.0,0.5,['Pass'],24.0,0.3,['Fail'],29.0,0.5,['Pass'],32.0
2520.0,wp_2,12.0,wc_12,69.0,"{'Pass': 86, 'Fail': 14}",0.4,['Fail'],27.0,1.0,['Pass'],40.0,0.2,['Pass'],23.0,0.1,['Pass'],33.0,0.5,['Pass'],23.0,0.1,['Fail'],32.0,0.6,['Pass'],39.0,0.9,['Pass'],29.0,0.5,['Pass'],24.0,1.0,['Pass'],28.0,0.8,['Pass'],27.0,0.9,['Pass'],38.0,0.8,['Pass'],27.0,0.9,['Pass'],29.0,0.5,['Pass'],35.0,0.3,['Pass'],33.0,0.5,['Pass'],27.0
2539.0,wp_1,8.0,wc_8,68.0,"{'Pass': 75, 'Fail': 25}",0.4,['Fail'],23.0,1.0,['Pass'],21.0,0.2,['Fail'],37.0,0.1,['Pass'],24.0,0.5,['Pass'],37.0,0.1,['Fail'],37.0,0.6,['Pass'],39.0,0.9,['Pass'],29.0,0.5,['Pass'],23.0,1.0,['Pass'],29.0,0.8,['Pass'],36.0,0.9,['Pass'],38.0,0.8,['Pass'],24.0,0.9,['Pass'],28.0,0.5,['Pass'],26.0,0.3,['Fail'],27.0,0.5,['Pass'],39.0
2569.0,wp_4,7.0,wc_7,52.0,"{'Pass': 20, 'Fail': 80}",0.4,['Fail'],26.0,1.0,['Fail'],29.0,0.2,['Fail'],36.0,0.1,['Fail'],33.0,0.5,['Pass'],37.0,0.1,['Pass'],25.0,0.6,['Fail'],28.0,0.9,['Fail'],38.0,0.5,['Pass'],24.0,1.0,['Fail'],27.0,0.8,['Fail'],33.0,0.9,['Fail'],31.0,0.8,['Fail'],20.0,0.9,['Fail'],33.0,0.5,['Fail'],39.0,0.3,['Fail'],39.0,0.5,['Pass'],34.0
2585.0,wp_3,13.0,wc_13,65.0,"{'Pass': 67, 'Fail': 33}",0.4,['Pass'],28.0,1.0,['Pass'],38.0,0.2,['Pass'],24.0,0.1,['Pass'],33.0,0.5,['Pass'],31.0,0.1,['Pass'],33.0,0.6,['Pass'],23.0,0.9,['Pass'],27.0,0.5,['Fail'],28.0,1.0,['Pass'],28.0,0.8,['Pass'],35.0,0.9,['Pass'],39.0,0.8,['Pass'],26.0,0.9,['Pass'],22.0,0.5,['Pass'],36.0,0.3,['Pass'],25.0,0.5,['Pass'],21.0
2585.0,wp_5,16.0,wc_16,65.0,"{'Pass': 42, 'Fail': 58}",0.4,['Pass'],37.0,1.0,['Fail'],24.0,0.2,['Pass'],30.0,0.1,['Pass'],23.0,0.5,['Pass'],29.0,0.1,['Fail'],24.0,0.6,['Fail'],22.0,0.9,['Fail'],26.0,0.5,['Fail'],32.0,1.0,['Fail'],28.0,0.8,['Fail'],36.0,0.9,['Fail'],37.0,0.8,['Fail'],37.0,0.9,['Fail'],27.0,0.5,['Pass'],22.0,0.3,['Fail'],31.0,0.5,['Pass'],29.0
2608.0,wp_1,12.0,wc_12,70.0,"{'Pass': 11, 'Fail': 89}",0.4,['Fail'],38.0,1.0,['Fail'],26.0,0.2,['Fail'],36.0,0.1,['Pass'],24.0,0.5,['Fail'],37.0,0.1,['Pass'],34.0,0.6,['Fail'],37.0,0.9,['Fail'],29.0,0.5,['Fail'],31.0,1.0,['Fail'],36.0,0.8,['Fail'],31.0,0.9,['Fail'],23.0,0.8,['Fail'],36.0,0.9,['Fail'],29.0,0.5,['Fail'],40.0,0.3,['Fail'],26.0,0.5,['Fail'],31.0
2622.0,wp_4,7.0,wc_7,68.0,"{'Pass': 28, 'Fail': 72}",0.4,['Fail'],38.0,1.0,['Fail'],29.0,0.2,['Pass'],33.0,0.1,['Pass'],21.0,0.5,['Fail'],34.0,0.1,['Pass'],34.0,0.6,['Pass'],39.0,0.9,['Fail'],28.0,0.5,['Fail'],23.0,1.0,['Fail'],35.0,0.8,['Fail'],39.0,0.9,['Fail'],37.0,0.8,['Fail'],20.0,0.9,['Fail'],21.0,0.5,['Pass'],23.0,0.3,['Fail'],33.0,0.5,['Fail'],29.0
2651.0,wp_3,15.0,wc_15,62.0,"{'Pass': 19, 'Fail': 81}",0.4,['Fail'],26.0,1.0,['Fail'],27.0,0.2,['Fail'],27.0,0.1,['Pass'],24.0,0.5,['Fail'],32.0,0.1,['Fail'],37.0,0.6,['Pass'],25.0,0.9,['Fail'],35.0,0.5,['Fail'],36.0,1.0,['Fail'],28.0,0.8,['Fail'],34.0,0.9,['Fail'],30.0,0.8,['Fail'],36.0,0.9,['Fail'],34.0,0.5,['Fail'],38.0,0.3,['Fail'],36.0,0.5,['Fail'],26.0
2651.0,wp_5,16.0,wc_16,68.0,"{'Pass': 55, 'Fail': 45}",0.4,['Pass'],25.0,1.0,['Pass'],20.0,0.2,['Fail'],21.0,0.1,['Fail'],39.0,0.5,['Fail'],39.0,0.1,['Pass'],40.0,0.6,['Pass'],27.0,0.9,['Pass'],30.0,0.5,['Pass'],37.0,1.0,['Fail'],27.0,0.8,['Fail'],28.0,0.9,['Pass'],24.0,0.8,['Pass'],22.0,0.9,['Pass'],40.0,0.5,['Pass'],24.0,0.3,['Fail'],22.0,0.5,['Fail'],35.0
2651.0,wp_2,13.0,wc_13,69.0,"{'Pass': 59, 'Fail': 41}",0.4,['Pass'],40.0,1.0,['Pass'],39.0,0.2,['Pass'],27.0,0.1,['Fail'],21.0,0.5,['Fail'],37.0,0.1,['Fail'],36.0,0.6,['Pass'],26.0,0.9,['Pass'],33.0,0.5,['Fail'],30.0,1.0,['Pass'],20.0,0.8,['Pass'],23.0,0.9,['Fail'],21.0,0.8,['Pass'],38.0,0.9,['Pass'],30.0,0.5,['Fail'],30.0,0.3,['Fail'],38.0,0.5,['Fail'],37.0
2679.0,wp_1,12.0,wc_12,61.0,"{'Pass': 35, 'Fail': 65}",0.4,['Pass'],25.0,1.0,['Fail'],21.0,0.2,['Pass'],29.0,0.1,['Pass'],20.0,0.5,['Pass'],33.0,0.1,['Fail'],35.0,0.6,['Pass'],40.0,0.9,['Fail'],28.0,0.5,['Fail'],25.0,1.0,['Fail'],20.0,0.8,['Fail'],23.0,0.9,['Fail'],26.0,0.8,['Fail'],39.0,0.9,['Fail'],32.0,0.5,['Fail'],37.0,0.3,['Fail'],29.0,0.5,['Fail'],23.0
2691.0,wp_4,8.0,wc_8,73.0,"{'Pass': 17, 'Fail': 83}",0.4,['Pass'],30.0,1.0,['Fail'],39.0,0.2,['Pass'],20.0,0.1,['Pass'],36.0,0.5,['Fail'],39.0,0.1,['Pass'],37.0,0.6,['Fail'],35.0,0.9,['Fail'],36.0,0.5,['Pass'],28.0,1.0,['Fail'],35.0,0.8,['Fail'],37.0,0.9,['Fail'],35.0,0.8,['Fail'],34.0,0.9,['Fail'],20.0,0.5,['Fail'],35.0,0.3,['Fail'],28.0,0.5,['Fail'],25.0
2721.0,wp_2,16.0,wc_16,57.0,"{'Pass': 55, 'Fail': 45}",0.4,['Fail'],36.0,1.0,['Pass'],30.0,0.2,['Pass'],26.0,0.1,['Pass'],30.0,0.5,['Pass'],26.0,0.1,['Pass'],39.0,0.6,['Pass'],30.0,0.9,['Fail'],38.0,0.5,['Pass'],33.0,1.0,['Pass'],38.0,0.8,['Pass'],29.0,0.9,['Fail'],26.0,0.8,['Pass'],39.0,0.9,['Pass'],37.0,0.5,['Pass'],39.0,0.3,['Fail'],20.0,0.5,['Pass'],20.0
2714.0,wp_3,15.0,wc_15,65.0,"{'Pass': 17, 'Fail': 83}",0.4,['Fail'],34.0,1.0,['Fail'],20.0,0.2,['Pass'],31.0,0.1,['Pass'],24.0,0.5,['Fail'],35.0,0.1,['Pass'],35.0,0.6,['Fail'],32.0,0.9,['Fail'],31.0,0.5,['Fail'],39.0,1.0,['Fail'],39.0,0.8,['Fail'],31.0,0.9,['Fail'],31.0,0.8,['Fail'],21.0,0.9,['Fail'],31.0,0.5,['Pass'],37.0,0.3,['Fail'],37.0,0.5,['Fail'],24.0
2720.0,wp_5,14.0,wc_14,73.0,"{'Pass': 10, 'Fail': 90}",0.4,['Fail'],35.0,1.0,['Fail'],31.0,0.2,['Fail'],22.0,0.1,['Pass'],33.0,0.5,['Fail'],32.0,0.1,['Pass'],36.0,0.6,['Fail'],37.0,0.9,['Fail'],28.0,0.5,['Fail'],37.0,1.0,['Fail'],34.0,0.8,['Fail'],31.0,0.9,['Fail'],28.0,0.8,['Fail'],22.0,0.9,['Fail'],35.0,0.5,['Fail'],38.0,0.3,['Fail'],36.0,0.5,['Fail'],27.0
2741.0,wp_1,12.0,wc_12,60.0,"{'Pass': 81, 'Fail': 19}",0.4,['Pass'],23.0,1.0,['Pass'],29.0,0.2,['Pass'],35.0,0.1,['Fail'],21.0,0.5,['Pass'],31.0,0.1,['Pass'],23.0,0.6,['Pass'],32.0,0.9,['Pass'],23.0,0.5,['Pass'],35.0,1.0,['Pass'],38.0,0.8,['Pass'],25.0,0.9,['Pass'],34.0,0.8,['Pass'],20.0,0.9,['Pass'],27.0,0.5,['Pass'],37.0,0.3,['Pass'],20.0,0.5,['Fail'],22.0
2765.0,wp_4,7.0,wc_7,77.0,"{'Pass': 11, 'Fail': 89}",0.4,['Fail'],31.0,1.0,['Fail'],40.0,0.2,['Fail'],33.0,0.1,['Fail'],26.0,0.5,['Fail'],36.0,0.1,['Pass'],32.0,0.6,['Fail'],24.0,0.9,['Fail'],25.0,0.5,['Pass'],35.0,1.0,['Fail'],24.0,0.8,['Fail'],38.0,0.9,['Fail'],38.0,0.8,['Fail'],36.0,0.9,['Fail'],36.0,0.5,['Fail'],35.0,0.3,['Fail'],37.0,0.5,['Fail'],20.0
2780.0,wp_2,15.0,wc_15,70.0,"{'Pass': 63, 'Fail': 37}",0.4,['Pass'],23.0,1.0,['Pass'],33.0,0.2,['Fail'],21.0,0.1,['Pass'],23.0,0.5,['Fail'],40.0,0.1,['Pass'],28.0,0.6,['Pass'],33.0,0.9,['Pass'],24.0,0.5,['Pass'],30.0,1.0,['Pass'],21.0,0.8,['Pass'],32.0,0.9,['Pass'],40.0,0.8,['Pass'],36.0,0.9,['Pass'],22.0,0.5,['Fail'],20.0,0.3,['Pass'],22.0,0.5,['Pass'],27.0
2802.0,wp_1,13.0,wc_13,52.0,"{'Pass': 98, 'Fail': 2}",0.4,['Pass'],35.0,1.0,['Pass'],24.0,0.2,['Pass'],25.0,0.1,['Pass'],37.0,0.5,['Pass'],24.0,0.1,['Pass'],26.0,0.6,['Pass'],32.0,0.9,['Pass'],29.0,0.5,['Pass'],27.0,1.0,['Pass'],35.0,0.8,['Pass'],26.0,0.9,['Pass'],40.0,0.8,['Pass'],29.0,0.9,['Pass'],35.0,0.5,['Pass'],20.0,0.3,['Pass'],38.0,0.5,['Pass'],25.0
2780.0,wp_3,16.0,wc_16,80.0,"{'Pass': 78, 'Fail': 22}",0.4,['Fail'],31.0,1.0,['Pass'],37.0,0.2,['Pass'],26.0,0.1,['Fail'],35.0,0.5,['Pass'],23.0,0.1,['Pass'],28.0,0.6,['Pass'],38.0,0.9,['Pass'],35.0,0.5,['Pass'],32.0,1.0,['Pass'],20.0,0.8,['Pass'],33.0,0.9,['Pass'],24.0,0.8,['Pass'],38.0,0.9,['Pass'],31.0,0.5,['Fail'],20.0,0.3,['Pass'],23.0,0.5,['Pass'],33.0
2794.0,wp_5,14.0,wc_14,66.0,"{'Pass': 31, 'Fail': 69}",0.4,['Fail'],37.0,1.0,['Fail'],35.0,0.2,['Pass'],24.0,0.1,['Pass'],39.0,0.5,['Fail'],37.0,0.1,['Fail'],39.0,0.6,['Fail'],24.0,0.9,['Fail'],26.0,0.5,['Fail'],31.0,1.0,['Fail'],27.0,0.8,['Fail'],28.0,0.9,['Fail'],26.0,0.8,['Fail'],39.0,0.9,['Fail'],31.0,0.5,['Pass'],39.0,0.3,['Pass'],32.0,0.5,['Fail'],34.0
2855.0,wp_1,15.0,wc_15,53.0,"{'Pass': 46, 'Fail': 54}",0.4,['Pass'],36.0,1.0,['Fail'],23.0,0.2,['Fail'],21.0,0.1,['Pass'],38.0,0.5,['Fail'],26.0,0.1,['Pass'],33.0,0.6,['Fail'],24.0,0.9,['Fail'],24.0,0.5,['Fail'],23.0,1.0,['Fail'],28.0,0.8,['Fail'],39.0,0.9,['Fail'],27.0,0.8,['Fail'],23.0,0.9,['Fail'],33.0,0.5,['Fail'],32.0,0.3,['Pass'],26.0,0.5,['Pass'],35.0
2843.0,wp_4,8.0,wc_8,72.0,"{'Pass': 9, 'Fail': 91}",0.4,['Fail'],25.0,1.0,['Fail'],20.0,0.2,['Fail'],39.0,0.1,['Pass'],33.0,0.5,['Fail'],39.0,0.1,['Pass'],39.0,0.6,['Fail'],30.0,0.9,['Fail'],26.0,0.5,['Fail'],40.0,1.0,['Fail'],33.0,0.8,['Fail'],20.0,0.9,['Fail'],25.0,0.8,['Fail'],24.0,0.9,['Fail'],26.0,0.5,['Fail'],34.0,0.3,['Fail'],35.0,0.5,['Fail'],28.0
2861.0,wp_2,14.0,wc_14,60.0,"{'Pass': 54, 'Fail': 46}",0.4,['Fail'],33.0,1.0,['Pass'],20.0,0.2,['Pass'],28.0,0.1,['Pass'],20.0,0.5,['Pass'],36.0,0.1,['Fail'],33.0,0.6,['Pass'],39.0,0.9,['Pass'],26.0,0.5,['Pass'],36.0,1.0,['Pass'],26.0,0.8,['Pass'],39.0,0.9,['Pass'],30.0,0.8,['Pass'],27.0,0.9,['Pass'],38.0,0.5,['Fail'],31.0,0.3,['Pass'],22.0,0.5,['Pass'],27.0
2908.0,wp_3,15.0,wc_15,52.0,"{'Pass': 44, 'Fail': 56}",0.4,['Pass'],39.0,1.0,['Pass'],36.0,0.2,['Pass'],38.0,0.1,['Pass'],23.0,0.5,['Fail'],29.0,0.1,['Pass'],37.0,0.6,['Pass'],34.0,0.9,['Fail'],26.0,0.5,['Pass'],32.0,1.0,['Pass'],23.0,0.8,['Fail'],39.0,0.9,['Fail'],33.0,0.8,['Fail'],23.0,0.9,['Pass'],38.0,0.5,['Pass'],33.0,0.3,['Fail'],38.0,0.5,['Pass'],35.0
2909.0,wp_1,16.0,wc_16,60.0,"{'Pass': 9, 'Fail': 91}",0.4,['Fail'],24.0,1.0,['Fail'],31.0,0.2,['Fail'],26.0,0.1,['Pass'],27.0,0.5,['Fail'],39.0,0.1,['Pass'],40.0,0.6,['Fail'],37.0,0.9,['Fail'],31.0,0.5,['Fail'],34.0,1.0,['Fail'],39.0,0.8,['Fail'],25.0,0.9,['Fail'],29.0,0.8,['Fail'],35.0,0.9,['Fail'],31.0,0.5,['Fail'],33.0,0.3,['Pass'],33.0,0.5,['Fail'],36.0
2922.0,wp_2,17.0,wc_17,57.0,"{'Pass': 33, 'Fail': 67}",0.4,['Fail'],24.0,1.0,['Fail'],29.0,0.2,['Pass'],39.0,0.1,['Pass'],31.0,0.5,['Pass'],31.0,0.1,['Fail'],20.0,0.6,['Fail'],32.0,0.9,['Fail'],36.0,0.5,['Fail'],36.0,1.0,['Fail'],29.0,0.8,['Fail'],31.0,0.9,['Fail'],40.0,0.8,['Fail'],39.0,0.9,['Fail'],37.0,0.5,['Fail'],27.0,0.3,['Pass'],26.0,0.5,['Fail'],29.0
2921.0,wp_5,14.0,wc_14,72.0,"{'Pass': 45, 'Fail': 55}",0.4,['Pass'],28.0,1.0,['Fail'],22.0,0.2,['Fail'],37.0,0.1,['Pass'],38.0,0.5,['Fail'],34.0,0.1,['Pass'],34.0,0.6,['Fail'],37.0,0.9,['Fail'],37.0,0.5,['Pass'],30.0,1.0,['Fail'],28.0,0.8,['Fail'],36.0,0.9,['Pass'],28.0,0.8,['Fail'],29.0,0.9,['Pass'],33.0,0.5,['Fail'],25.0,0.3,['Fail'],34.0,0.5,['Pass'],35.0
2916.0,wp_4,8.0,wc_8,78.0,"{'Pass': 60, 'Fail': 40}",0.4,['Pass'],20.0,1.0,['Pass'],40.0,0.2,['Fail'],25.0,0.1,['Pass'],33.0,0.5,['Pass'],25.0,0.1,['Pass'],39.0,0.6,['Fail'],36.0,0.9,['Pass'],40.0,0.5,['Pass'],40.0,1.0,['Fail'],26.0,0.8,['Pass'],36.0,0.9,['Pass'],38.0,0.8,['Pass'],24.0,0.9,['Pass'],31.0,0.5,['Fail'],33.0,0.3,['Pass'],23.0,0.5,['Pass'],21.0
2961.0,wp_3,15.0,wc_15,53.0,"{'Pass': 22, 'Fail': 78}",0.4,['Pass'],34.0,1.0,['Fail'],39.0,0.2,['Pass'],40.0,0.1,['Pass'],36.0,0.5,['Fail'],40.0,0.1,['Fail'],32.0,0.6,['Fail'],32.0,0.9,['Fail'],29.0,0.5,['Pass'],37.0,1.0,['Fail'],38.0,0.8,['Fail'],28.0,0.9,['Fail'],21.0,0.8,['Fail'],40.0,0.9,['Fail'],32.0,0.5,['Fail'],28.0,0.3,['Pass'],29.0,0.5,['Fail'],20.0
2980.0,wp_2,17.0,wc_17,60.0,"{'Pass': 49, 'Fail': 51}",0.4,['Pass'],30.0,1.0,['Fail'],38.0,0.2,['Fail'],28.0,0.1,['Pass'],31.0,0.5,['Fail'],23.0,0.1,['Fail'],37.0,0.6,['Fail'],38.0,0.9,['Fail'],24.0,0.5,['Pass'],23.0,1.0,['Pass'],39.0,0.8,['Fail'],38.0,0.9,['Pass'],26.0,0.8,['Fail'],29.0,0.9,['Fail'],38.0,0.5,['Fail'],39.0,0.3,['Pass'],23.0,0.5,['Fail'],21.0
2970.0,wp_1,16.0,wc_16,72.0,"{'Pass': 48, 'Fail': 52}",0.4,['Pass'],35.0,1.0,['Fail'],40.0,0.2,['Pass'],28.0,0.1,['Fail'],20.0,0.5,['Fail'],35.0,0.1,['Pass'],30.0,0.6,['Fail'],26.0,0.9,['Fail'],33.0,0.5,['Pass'],25.0,1.0,['Fail'],37.0,0.8,['Fail'],34.0,0.9,['Fail'],40.0,0.8,['Fail'],22.0,0.9,['Fail'],23.0,0.5,['Pass'],24.0,0.3,['Pass'],40.0,0.5,['Pass'],22.0
2994.0,wp_5,14.0,wc_14,53.0,"{'Pass': 44, 'Fail': 56}",0.4,['Pass'],24.0,1.0,['Fail'],33.0,0.2,['Pass'],28.0,0.1,['Fail'],24.0,0.5,['Pass'],35.0,0.1,['Pass'],22.0,0.6,['Pass'],23.0,0.9,['Pass'],33.0,0.5,['Pass'],35.0,1.0,['Fail'],30.0,0.8,['Fail'],28.0,0.9,['Fail'],21.0,0.8,['Fail'],26.0,0.9,['Fail'],23.0,0.5,['Pass'],26.0,0.3,['Fail'],27.0,0.5,['Pass'],29.0
2995.0,wp_4,7.0,wc_7,74.0,"{'Pass': 94, 'Fail': 6}",0.4,['Pass'],20.0,1.0,['Pass'],21.0,0.2,['Pass'],40.0,0.1,['Fail'],20.0,0.5,['Pass'],26.0,0.1,['Pass'],20.0,0.6,['Pass'],23.0,0.9,['Pass'],26.0,0.5,['Pass'],29.0,1.0,['Pass'],21.0,0.8,['Pass'],38.0,0.9,['Pass'],34.0,0.8,['Pass'],40.0,0.9,['Pass'],35.0,0.5,['Pass'],22.0,0.3,['Pass'],23.0,0.5,['Pass'],32.0
3015.0,wp_3,15.0,wc_15,56.0,"{'Pass': 82, 'Fail': 18}",0.4,['Fail'],37.0,1.0,['Pass'],32.0,0.2,['Pass'],38.0,0.1,['Pass'],33.0,0.5,['Pass'],20.0,0.1,['Pass'],25.0,0.6,['Pass'],26.0,0.9,['Pass'],28.0,0.5,['Fail'],23.0,1.0,['Pass'],40.0,0.8,['Pass'],24.0,0.9,['Pass'],36.0,0.8,['Pass'],21.0,0.9,['Pass'],40.0,0.5,['Pass'],28.0,0.3,['Pass'],28.0,0.5,['Pass'],29.0
3048.0,wp_5,14.0,wc_14,51.0,"{'Pass': 94, 'Fail': 6}",0.4,['Pass'],32.0,1.0,['Pass'],29.0,0.2,['Pass'],30.0,0.1,['Fail'],38.0,0.5,['Pass'],32.0,0.1,['Pass'],21.0,0.6,['Pass'],36.0,0.9,['Pass'],32.0,0.5,['Pass'],38.0,1.0,['Pass'],39.0,0.8,['Pass'],40.0,0.9,['Pass'],24.0,0.8,['Pass'],26.0,0.9,['Pass'],31.0,0.5,['Pass'],33.0,0.3,['Fail'],39.0,0.5,['Pass'],26.0
3043.0,wp_1,16.0,wc_16,72.0,"{'Pass': 2, 'Fail': 98}",0.4,['Fail'],22.0,1.0,['Fail'],40.0,0.2,['Fail'],39.0,0.1,['Fail'],28.0,0.5,['Fail'],20.0,0.1,['Pass'],34.0,0.6,['Fail'],40.0,0.9,['Fail'],33.0,0.5,['Pass'],21.0,1.0,['Fail'],26.0,0.8,['Fail'],35.0,0.9,['Fail'],22.0,0.8,['Fail'],25.0,0.9,['Fail'],38.0,0.5,['Fail'],32.0,0.3,['Fail'],30.0,0.5,['Fail'],24.0
3041.0,wp_2,17.0,wc_17,74.0,"{'Pass': 32, 'Fail': 68}",0.4,['Fail'],39.0,1.0,['Fail'],37.0,0.2,['Fail'],20.0,0.1,['Pass'],28.0,0.5,['Pass'],28.0,0.1,['Fail'],25.0,0.6,['Fail'],28.0,0.9,['Fail'],40.0,0.5,['Fail'],40.0,1.0,['Fail'],33.0,0.8,['Fail'],20.0,0.9,['Fail'],30.0,0.8,['Fail'],30.0,0.9,['Fail'],20.0,0.5,['Fail'],24.0,0.3,['Fail'],20.0,0.5,['Pass'],37.0
3070.0,wp_4,12.0,wc_12,57.0,"{'Pass': 55, 'Fail': 45}",0.4,['Pass'],36.0,1.0,['Pass'],32.0,0.2,['Pass'],23.0,0.1,['Pass'],33.0,0.5,['Pass'],21.0,0.1,['Fail'],25.0,0.6,['Pass'],21.0,0.9,['Fail'],25.0,0.5,['Fail'],32.0,1.0,['Pass'],31.0,0.8,['Fail'],26.0,0.9,['Pass'],31.0,0.8,['Pass'],38.0,0.9,['Fail'],21.0,0.5,['Fail'],34.0,0.3,['Fail'],29.0,0.5,['Pass'],29.0
3100.0,wp_5,15.0,wc_15,56.0,"{'Pass': 66, 'Fail': 34}",0.4,['Pass'],28.0,1.0,['Pass'],33.0,0.2,['Fail'],23.0,0.1,['Fail'],38.0,0.5,['Fail'],22.0,0.1,['Fail'],30.0,0.6,['Pass'],33.0,0.9,['Pass'],23.0,0.5,['Pass'],33.0,1.0,['Pass'],40.0,0.8,['Pass'],28.0,0.9,['Pass'],28.0,0.8,['Pass'],38.0,0.9,['Pass'],39.0,0.5,['Pass'],28.0,0.3,['Fail'],33.0,0.5,['Fail'],33.0
3100.0,wp_3,14.0,wc_14,60.0,"{'Pass': 98, 'Fail': 2}",0.4,['Pass'],30.0,1.0,['Pass'],22.0,0.2,['Fail'],24.0,0.1,['Fail'],25.0,0.5,['Pass'],33.0,0.1,['Pass'],24.0,0.6,['Pass'],37.0,0.9,['Pass'],20.0,0.5,['Pass'],37.0,1.0,['Pass'],31.0,0.8,['Pass'],21.0,0.9,['Pass'],36.0,0.8,['Pass'],20.0,0.9,['Pass'],38.0,0.5,['Pass'],27.0,0.3,['Pass'],27.0,0.5,['Pass'],25.0
3116.0,wp_1,16.0,wc_16,53.0,"{'Pass': 87, 'Fail': 13}",0.4,['Pass'],39.0,1.0,['Pass'],20.0,0.2,['Pass'],32.0,0.1,['Pass'],32.0,0.5,['Pass'],34.0,0.1,['Fail'],20.0,0.6,['Pass'],33.0,0.9,['Pass'],27.0,0.5,['Pass'],22.0,1.0,['Pass'],27.0,0.8,['Pass'],26.0,0.9,['Pass'],38.0,0.8,['Pass'],22.0,0.9,['Pass'],22.0,0.5,['Pass'],33.0,0.3,['Fail'],37.0,0.5,['Pass'],24.0
3116.0,wp_2,17.0,wc_17,56.0,"{'Pass': 38, 'Fail': 62}",0.4,['Pass'],28.0,1.0,['Fail'],29.0,0.2,['Pass'],22.0,0.1,['Pass'],24.0,0.5,['Fail'],21.0,0.1,['Pass'],30.0,0.6,['Fail'],34.0,0.9,['Pass'],25.0,0.5,['Pass'],25.0,1.0,['Fail'],40.0,0.8,['Pass'],40.0,0.9,['Fail'],25.0,0.8,['Pass'],29.0,0.9,['Pass'],22.0,0.5,['Pass'],30.0,0.3,['Pass'],38.0,0.5,['Fail'],36.0
3128.0,wp_4,13.0,wc_13,66.0,"{'Pass': 50, 'Fail': 50}",0.4,['Fail'],31.0,1.0,['Fail'],30.0,0.2,['Pass'],38.0,0.1,['Fail'],25.0,0.5,['Fail'],20.0,0.1,['Pass'],21.0,0.6,['Fail'],34.0,0.9,['Pass'],22.0,0.5,['Fail'],22.0,1.0,['Pass'],25.0,0.8,['Fail'],21.0,0.9,['Pass'],39.0,0.8,['Fail'],40.0,0.9,['Fail'],33.0,0.5,['Fail'],39.0,0.3,['Pass'],26.0,0.5,['Pass'],26.0
3172.0,wp_3,17.0,wc_17,66.0,"{'Pass': 43, 'Fail': 57}",0.4,['Pass'],34.0,1.0,['Fail'],30.0,0.2,['Pass'],30.0,0.1,['Fail'],37.0,0.5,['Pass'],29.0,0.1,['Pass'],26.0,0.6,['Pass'],21.0,0.9,['Fail'],21.0,0.5,['Fail'],21.0,1.0,['Fail'],22.0,0.8,['Fail'],39.0,0.9,['Pass'],36.0,0.8,['Pass'],21.0,0.9,['Pass'],33.0,0.5,['Pass'],23.0,0.3,['Pass'],32.0,0.5,['Fail'],21.0
3170.0,wp_1,15.0,wc_15,74.0,"{'Pass': 17, 'Fail': 83}",0.4,['Fail'],24.0,1.0,['Fail'],29.0,0.2,['Pass'],32.0,0.1,['Fail'],23.0,0.5,['Fail'],40.0,0.1,['Pass'],22.0,0.6,['Fail'],38.0,0.9,['Fail'],23.0,0.5,['Fail'],30.0,1.0,['Fail'],38.0,0.8,['Fail'],39.0,0.9,['Fail'],32.0,0.8,['Fail'],35.0,0.9,['Fail'],40.0,0.5,['Fail'],32.0,0.3,['Pass'],28.0,0.5,['Fail'],39.0
3195.0,wp_4,13.0,wc_13,71.0,"{'Pass': 30, 'Fail': 70}",0.4,['Fail'],40.0,1.0,['Fail'],20.0,0.2,['Fail'],38.0,0.1,['Pass'],26.0,0.5,['Fail'],23.0,0.1,['Pass'],32.0,0.6,['Pass'],23.0,0.9,['Fail'],24.0,0.5,['Fail'],22.0,1.0,['Fail'],24.0,0.8,['Fail'],40.0,0.9,['Fail'],20.0,0.8,['Fail'],34.0,0.9,['Fail'],36.0,0.5,['Fail'],27.0,0.3,['Fail'],25.0,0.5,['Pass'],34.0
3238.0,wp_5,17.0,wc_17,61.0,"{'Pass': 84, 'Fail': 16}",0.4,['Pass'],30.0,1.0,['Pass'],30.0,0.2,['Fail'],29.0,0.1,['Pass'],33.0,0.5,['Pass'],40.0,0.1,['Pass'],36.0,0.6,['Pass'],39.0,0.9,['Pass'],33.0,0.5,['Pass'],28.0,1.0,['Pass'],22.0,0.8,['Pass'],39.0,0.9,['Pass'],26.0,0.8,['Pass'],39.0,0.9,['Pass'],25.0,0.5,['Pass'],31.0,0.3,['Pass'],37.0,0.5,['Fail'],30.0
3245.0,wp_1,15.0,wc_15,65.0,"{'Pass': 80, 'Fail': 20}",0.4,['Fail'],26.0,1.0,['Pass'],39.0,0.2,['Pass'],29.0,0.1,['Pass'],29.0,0.5,['Pass'],39.0,0.1,['Pass'],22.0,0.6,['Pass'],27.0,0.9,['Pass'],25.0,0.5,['Pass'],22.0,1.0,['Pass'],29.0,0.8,['Pass'],34.0,0.9,['Pass'],34.0,0.8,['Pass'],25.0,0.9,['Pass'],35.0,0.5,['Pass'],27.0,0.3,['Pass'],23.0,0.5,['Pass'],34.0
3267.0,wp_4,13.0,wc_13,77.0,"{'Pass': 84, 'Fail': 16}",0.4,['Fail'],22.0,1.0,['Pass'],31.0,0.2,['Fail'],24.0,0.1,['Pass'],28.0,0.5,['Pass'],31.0,0.1,['Fail'],36.0,0.6,['Fail'],20.0,0.9,['Pass'],20.0,0.5,['Pass'],33.0,1.0,['Pass'],26.0,0.8,['Pass'],33.0,0.9,['Pass'],29.0,0.8,['Pass'],21.0,0.9,['Pass'],33.0,0.5,['Pass'],38.0,0.3,['Pass'],28.0,0.5,['Pass'],29.0
3300.0,wp_2,17.0,wc_17,73.0,"{'Pass': 30, 'Fail': 70}",0.4,['Pass'],21.0,1.0,['Fail'],27.0,0.2,['Fail'],28.0,0.1,['Fail'],24.0,0.5,['Fail'],40.0,0.1,['Fail'],31.0,0.6,['Fail'],33.0,0.9,['Fail'],40.0,0.5,['Fail'],30.0,1.0,['Fail'],22.0,0.8,['Fail'],23.0,0.9,['Fail'],36.0,0.8,['Fail'],21.0,0.9,['Fail'],39.0,0.5,['Fail'],39.0,0.3,['Fail'],29.0,0.5,['Pass'],31.0
3311.0,wp_1,14.0,wc_14,76.0,"{'Pass': 79, 'Fail': 21}",0.4,['Pass'],24.0,1.0,['Pass'],28.0,0.2,['Pass'],27.0,0.1,['Fail'],39.0,0.5,['Pass'],30.0,0.1,['Pass'],37.0,0.6,['Pass'],27.0,0.9,['Pass'],36.0,0.5,['Pass'],35.0,1.0,['Pass'],36.0,0.8,['Pass'],36.0,0.9,['Pass'],23.0,0.8,['Pass'],37.0,0.9,['Pass'],35.0,0.5,['Fail'],32.0,0.3,['Fail'],24.0,0.5,['Pass'],30.0
3345.0,wp_4,15.0,wc_15,52.0,"{'Pass': 50, 'Fail': 50}",0.4,['Fail'],39.0,1.0,['Pass'],36.0,0.2,['Fail'],38.0,0.1,['Pass'],39.0,0.5,['Pass'],26.0,0.1,['Fail'],27.0,0.6,['Fail'],40.0,0.9,['Fail'],40.0,0.5,['Fail'],39.0,1.0,['Pass'],21.0,0.8,['Pass'],27.0,0.9,['Pass'],20.0,0.8,['Pass'],33.0,0.9,['Pass'],35.0,0.5,['Pass'],23.0,0.3,['Fail'],22.0,0.5,['Pass'],34.0
3373.0,wp_3,17.0,wc_17,60.0,"{'Pass': 93, 'Fail': 7}",0.4,['Pass'],37.0,1.0,['Pass'],29.0,0.2,['Pass'],21.0,0.1,['Pass'],20.0,0.5,['Pass'],31.0,0.1,['Fail'],31.0,0.6,['Pass'],22.0,0.9,['Pass'],37.0,0.5,['Pass'],30.0,1.0,['Pass'],35.0,0.8,['Pass'],30.0,0.9,['Pass'],22.0,0.8,['Pass'],24.0,0.9,['Pass'],29.0,0.5,['Pass'],40.0,0.3,['Pass'],20.0,0.5,['Pass'],32.0
3398.0,wp_4,16.0,wc_16,69.0,"{'Pass': 23, 'Fail': 77}",0.4,['Fail'],26.0,1.0,['Fail'],35.0,0.2,['Fail'],24.0,0.1,['Pass'],32.0,0.5,['Pass'],39.0,0.1,['Pass'],33.0,0.6,['Fail'],22.0,0.9,['Fail'],39.0,0.5,['Fail'],33.0,1.0,['Fail'],40.0,0.8,['Fail'],20.0,0.9,['Fail'],30.0,0.8,['Fail'],35.0,0.9,['Fail'],21.0,0.5,['Fail'],34.0,0.3,['Fail'],38.0,0.5,['Fail'],25.0
3434.0,wp_1,17.0,wc_17,74.0,"{'Pass': 60, 'Fail': 40}",0.4,['Pass'],26.0,1.0,['Pass'],40.0,0.2,['Fail'],39.0,0.1,['Fail'],39.0,0.5,['Fail'],33.0,0.1,['Fail'],24.0,0.6,['Pass'],33.0,0.9,['Pass'],22.0,0.5,['Fail'],37.0,1.0,['Pass'],32.0,0.8,['Fail'],39.0,0.9,['Pass'],35.0,0.8,['Pass'],26.0,0.9,['Pass'],25.0,0.5,['Pass'],27.0,0.3,['Fail'],31.0,0.5,['Fail'],22.0
3468.0,wp_4,14.0,wc_14,57.0,"{'Pass': 75, 'Fail': 25}",0.4,['Pass'],30.0,1.0,['Pass'],28.0,0.2,['Pass'],31.0,0.1,['Pass'],23.0,0.5,['Fail'],25.0,0.1,['Pass'],39.0,0.6,['Pass'],33.0,0.9,['Pass'],35.0,0.5,['Pass'],29.0,1.0,['Pass'],25.0,0.8,['Pass'],22.0,0.9,['Pass'],22.0,0.8,['Pass'],38.0,0.9,['Pass'],23.0,0.5,['Pass'],23.0,0.3,['Pass'],30.0,0.5,['Pass'],21.0
3508.0,wp_2,17.0,wc_17,62.0,"{'Pass': 12, 'Fail': 88}",0.4,['Fail'],23.0,1.0,['Fail'],21.0,0.2,['Fail'],29.0,0.1,['Pass'],32.0,0.5,['Fail'],39.0,0.1,['Pass'],21.0,0.6,['Fail'],21.0,0.9,['Fail'],27.0,0.5,['Fail'],22.0,1.0,['Fail'],40.0,0.8,['Fail'],37.0,0.9,['Fail'],20.0,0.8,['Fail'],36.0,0.9,['Fail'],21.0,0.5,['Fail'],33.0,0.3,['Fail'],33.0,0.5,['Fail'],29.0
3526.0,wp_4,16.0,wc_16,53.0,"{'Pass': 4, 'Fail': 96}",0.4,['Fail'],27.0,1.0,['Fail'],20.0,0.2,['Fail'],33.0,0.1,['Pass'],36.0,0.5,['Fail'],24.0,0.1,['Fail'],29.0,0.6,['Fail'],28.0,0.9,['Fail'],32.0,0.5,['Pass'],35.0,1.0,['Fail'],34.0,0.8,['Fail'],33.0,0.9,['Fail'],36.0,0.8,['Fail'],36.0,0.9,['Fail'],35.0,0.5,['Fail'],30.0,0.3,['Fail'],21.0,0.5,['Fail'],26.0
3580.0,wp_4,15.0,wc_15,51.0,"{'Pass': 96, 'Fail': 4}",0.4,['Pass'],25.0,1.0,['Pass'],30.0,0.2,['Pass'],27.0,0.1,['Pass'],24.0,0.5,['Pass'],30.0,0.1,['Pass'],23.0,0.6,['Pass'],33.0,0.9,['Pass'],28.0,0.5,['Pass'],29.0,1.0,['Pass'],24.0,0.8,['Pass'],30.0,0.9,['Pass'],33.0,0.8,['Pass'],31.0,0.9,['Pass'],38.0,0.5,['Pass'],26.0,0.3,['Pass'],21.0,0.5,['Pass'],38.0
3571.0,wp_2,17.0,wc_17,74.0,"{'Pass': 71, 'Fail': 29}",0.4,['Fail'],26.0,1.0,['Pass'],31.0,0.2,['Fail'],31.0,0.1,['Pass'],31.0,0.5,['Pass'],32.0,0.1,['Fail'],30.0,0.6,['Pass'],25.0,0.9,['Fail'],28.0,0.5,['Pass'],38.0,1.0,['Pass'],28.0,0.8,['Pass'],33.0,0.9,['Pass'],30.0,0.8,['Pass'],38.0,0.9,['Pass'],21.0,0.5,['Pass'],32.0,0.3,['Pass'],33.0,0.5,['Pass'],27.0
3632.0,wp_4,16.0,wc_16,56.0,"{'Pass': 68, 'Fail': 32}",0.4,['Fail'],37.0,1.0,['Pass'],38.0,0.2,['Pass'],21.0,0.1,['Pass'],32.0,0.5,['Fail'],25.0,0.1,['Fail'],27.0,0.6,['Fail'],35.0,0.9,['Pass'],21.0,0.5,['Fail'],40.0,1.0,['Pass'],29.0,0.8,['Fail'],37.0,0.9,['Pass'],31.0,0.8,['Pass'],35.0,0.9,['Pass'],34.0,0.5,['Fail'],39.0,0.3,['Pass'],24.0,0.5,['Pass'],25.0
3689.0,wp_4,17.0,wc_17,70.0,"{'Pass': 90, 'Fail': 10}",0.4,['Fail'],38.0,1.0,['Pass'],40.0,0.2,['Fail'],23.0,0.1,['Fail'],26.0,0.5,['Pass'],29.0,0.1,['Pass'],31.0,0.6,['Pass'],21.0,0.9,['Pass'],31.0,0.5,['Pass'],20.0,1.0,['Pass'],24.0,0.8,['Pass'],31.0,0.9,['Pass'],25.0,0.8,['Pass'],34.0,0.9,['Pass'],34.0,0.5,['Pass'],20.0,0.3,['Pass'],32.0,0.5,['Pass'],27.0
